architecture,learning_rate,weight_decay,dropout,best_threshold,avg_val_f1,avg_val_auc,avg_val_acc,avg_val_prec,avg_val_rec,avg_val_kappa
32,0.001,0.01,0.2,0.3,0.4799219497409892,0.7403286417686068,0.6934507247828744,0.37338090636606697,0.6853612545707082,0.2913231343331587
32,0.001,0.01,0.3,0.5,0.4968380495723463,0.7485492893351384,0.7129307299068394,0.39359421046909365,0.6928389154641119,0.31907440275933957
32,0.001,0.01,0.4,0.3,0.48639168990059395,0.7377563607513585,0.7095711950436414,0.3856165720534925,0.6725139439670136,0.30549232351038347
32,0.001,0.01,0.5,0.3,0.4791175444768524,0.7309235760518165,0.7012565759271824,0.3772601609561459,0.6658315455915227,0.2936184488936376
32,0.001,0.01,0.6,0.3,0.4831206156951306,0.730029241335845,0.6681676788205251,0.3589113960500012,0.7564500818951481,0.28408355988782097
32,0.001,0.01,0.7,0.4,0.47254540518627924,0.7228170069430198,0.7022244661469967,0.37141635195602063,0.6558248844898867,0.28614999314156764
32,0.001,0.001,0.2,0.3,0.4802658174821065,0.7360290406723495,0.7250823141840337,0.40787124034300604,0.6120327743287405,0.3094892407333433
32,0.001,0.001,0.3,0.3,0.4671505182450343,0.7283714794577687,0.7339185947449184,0.4014005265026884,0.5642343413278457,0.2978182010371185
32,0.001,0.001,0.4,0.3,0.46339175952923106,0.7173018059024521,0.6777208813295549,0.3615203843702187,0.67068852419094,0.2680019097523939
32,0.001,0.001,0.5,0.3,0.460565705855892,0.7101438382157189,0.6847992523674312,0.3600155521423421,0.6575290876985125,0.26640218379905456
32,0.001,0.001,0.6,0.3,0.4595597688084466,0.7138503173616528,0.7104339583144087,0.3766913478286369,0.6004947243657617,0.27747515593126876
32,0.001,0.001,0.7,0.4,0.4498953220290763,0.7003813143297644,0.7017427952586234,0.3643078423089562,0.6004305063806984,0.2624525070372875
32,0.001,0.0001,0.2,0.3,0.47403747781858446,0.7335272671319535,0.7343735628702979,0.41034159396842407,0.5823445892032719,0.30715429159697016
32,0.001,0.0001,0.3,0.3,0.47071413753467173,0.7205859378800719,0.6955391425650976,0.3680195415959711,0.6559478723209138,0.281016817285618
32,0.001,0.0001,0.4,0.3,0.46309805954967337,0.7143412955910681,0.7126628320638896,0.38091928592743485,0.6038313438088826,0.2827306564910958
32,0.001,0.0001,0.5,0.3,0.4547090296677466,0.7032031489678319,0.6889537612962887,0.36188995417566583,0.6308856618539125,0.2624921395723819
32,0.001,0.0001,0.6,0.3,0.45678391636238863,0.7133255152478974,0.7015033389114433,0.3666439252243116,0.6123526379171194,0.2690978079327423
32,0.001,0.0001,0.7,0.3,0.45129369431192395,0.7050276689764003,0.7104927673754985,0.37081459643933584,0.5803045730036903,0.2678984879078423
32,0.001,1e-05,0.2,0.3,0.46514035146142046,0.7168010471387178,0.6986562183718787,0.3790778737300505,0.625988112200502,0.27965776261649883
32,0.001,1e-05,0.3,0.3,0.4766898485301816,0.7354004208642475,0.7045725880304887,0.37640886140567165,0.6541919916416106,0.2917839456191043
32,0.001,1e-05,0.4,0.3,0.4577895033190587,0.7270790917013963,0.7201739422928968,0.39322562586855864,0.5728595668940601,0.28317664898079753
32,0.001,1e-05,0.5,0.3,0.45220482729048805,0.7067840236819081,0.7083361546375319,0.37855904088207953,0.5817469398957731,0.2700886190995779
32,0.001,1e-05,0.6,0.3,0.4487650361982964,0.7050375748041222,0.6972767612919197,0.3614052313690934,0.6030930474179389,0.25887865930765164
32,0.001,1e-05,0.7,0.3,0.4451848445697659,0.7014553159172625,0.7045379557875223,0.36468031631234854,0.5769327724026088,0.25842157467837906
32,0.0001,0.01,0.2,0.3,0.4564456316790932,0.7121551632899791,0.6882443160009706,0.36002973742426414,0.6327448511564475,0.2629496457501387
32,0.0001,0.01,0.3,0.3,0.45575693276032325,0.7153414687855836,0.6882379453631092,0.3568668784858652,0.6349479915843887,0.26134424274513823
32,0.0001,0.01,0.4,0.3,0.4531718050930085,0.7097479037396173,0.6669158178532825,0.3434292742378419,0.671704049394355,0.24886222926444868
32,0.0001,0.01,0.5,0.3,0.44241107233692534,0.7088568814237133,0.6745167866257148,0.34398772845594505,0.6261891696562673,0.2405523718393975
32,0.0001,0.01,0.6,0.3,0.44940061256652725,0.707615495622553,0.6754063295854775,0.34724044065825266,0.6440220109620697,0.24873699191793447
32,0.0001,0.01,0.7,0.3,0.43375066637872794,0.6921874177954355,0.6483517754783948,0.32461188620525094,0.6570413856829639,0.21907645668210485
32,0.0001,0.001,0.2,0.3,0.45131280384220257,0.710286626803566,0.6772259005321175,0.35460029293404566,0.6436975420493065,0.25374218578069835
32,0.0001,0.001,0.3,0.3,0.4502665831782136,0.7096186056687017,0.7002200857707691,0.3646494502149324,0.5986811170809218,0.2620000665135195
32,0.0001,0.001,0.4,0.3,0.45031392434068945,0.7104336359496422,0.672872050880823,0.34472908865672625,0.6580427810568065,0.2488169501634537
32,0.0001,0.001,0.5,0.3,0.4457924111964308,0.7022803558679491,0.6703211192075775,0.34304985481794276,0.6455454621264344,0.24247155366305279
32,0.0001,0.001,0.6,0.3,0.4360602270146,0.6898559295285085,0.6653338586300414,0.3334555455496676,0.6347041270070067,0.22908929989043464
32,0.0001,0.001,0.7,0.3,0.4385535200574905,0.689796056012854,0.6519942267934076,0.3276470290439297,0.6662104350478513,0.22581761052577293
32,0.0001,0.0001,0.2,0.3,0.4563845310117232,0.7188956634321283,0.7063060748501213,0.3753741500306667,0.600411609759238,0.2729241927140368
32,0.0001,0.0001,0.3,0.3,0.4585836300445001,0.7067530052462854,0.6988752306944255,0.3670026840135675,0.6236565772777457,0.2704608025161471
32,0.0001,0.0001,0.4,0.3,0.4536143371753953,0.6804022317694167,0.6274263146173926,0.339119791723305,0.7290972644649613,0.24093408087878712
32,0.0001,0.0001,0.5,0.3,0.44051835862383076,0.6960370501984912,0.6770042327739285,0.34219352871560466,0.6224613149647614,0.2394132816470233
32,0.0001,0.0001,0.6,0.3,0.45169258575697385,0.7104138362585879,0.6774714189856492,0.34903300921422414,0.6496499465052483,0.2524314053690303
32,0.0001,0.0001,0.7,0.3,0.4375621692724819,0.6965112871811788,0.6638093200501245,0.33518357750131417,0.6364330110995784,0.23052494023983905
32,0.0001,1e-05,0.2,0.3,0.4478063746962023,0.7115839578090866,0.6894504481101128,0.3605846402580147,0.6083807442664662,0.2553608721924204
32,0.0001,1e-05,0.3,0.3,0.45026994620574,0.7104403217029541,0.673395122617289,0.34759847386262555,0.6534470754754875,0.24980530517393382
32,0.0001,1e-05,0.4,0.3,0.44484658645990544,0.6955978178413874,0.6565383107654159,0.3394961988510713,0.6669319569432952,0.23740921469261309
32,0.0001,1e-05,0.5,0.3,0.44170181229565675,0.6627878447870652,0.6229815534220482,0.33341880676656477,0.7041024715734447,0.22693368182312046
32,0.0001,1e-05,0.6,0.3,0.4444626656418607,0.7001077661746615,0.6737640942517904,0.34277228012628846,0.6364192805169839,0.24212491436568015
32,0.0001,1e-05,0.7,0.3,0.429378730360442,0.6567682253983633,0.6037042402832942,0.3196271115543859,0.702056640868387,0.20579374322503266
64,0.001,0.01,0.2,0.3,0.48971409342964406,0.7442427030790527,0.7130209363953387,0.3920461171153761,0.6657738075351922,0.3109407968419789
64,0.001,0.01,0.3,0.3,0.4876282594927668,0.740016270161879,0.6909618319684803,0.3800144211955182,0.7025349915734488,0.3002916699262939
64,0.001,0.01,0.4,0.3,0.5023211121027609,0.7494788510587665,0.7230967910810945,0.4001219508768961,0.6838456040749915,0.3288312852603972
64,0.001,0.01,0.5,0.3,0.47792908216283364,0.7266769167230104,0.6695287508152056,0.36141346037165817,0.735891216501004,0.2803987103260558
64,0.001,0.01,0.6,0.3,0.48191331965157114,0.7269793405183329,0.707256181742699,0.3857454742300857,0.6592677471116755,0.30022629155893943
64,0.001,0.01,0.7,0.3,0.47889008655330423,0.7328005691243975,0.6999196481346804,0.37427336869576233,0.6768612643361166,0.29256687949866456
64,0.001,0.001,0.2,0.3,0.48210489908626936,0.7342719647887751,0.718354005598803,0.396010283648072,0.6378880885169732,0.30666618163657844
64,0.001,0.001,0.3,0.3,0.4795716869237869,0.7350290413211514,0.6922691615008078,0.383229387631621,0.6829850896577605,0.29335955156451765
64,0.001,0.001,0.4,0.3,0.4752722397607654,0.7344727379826426,0.7216668915516155,0.39066274784888233,0.6180160172166119,0.2994945785503413
64,0.001,0.001,0.5,0.3,0.46980880935625,0.7174461287878307,0.7073328902391485,0.38486339851453677,0.6218364724681867,0.28837267729125776
64,0.001,0.001,0.6,0.3,0.4706217748445818,0.7240708146987945,0.7172615966767857,0.3833776015727608,0.6177726080610231,0.29217955492204994
64,0.001,0.001,0.7,0.3,0.45720089069236874,0.7101009986471561,0.7125479196992843,0.37602235601807815,0.590062639248775,0.2754767620851669
64,0.001,0.0001,0.2,0.5,0.4757811890933928,0.7272079694892281,0.6974487697166696,0.3735731276188158,0.6637358805692101,0.2878890491533701
64,0.001,0.0001,0.3,0.3,0.47212062632240814,0.725172343130143,0.722570677360398,0.3895937676447089,0.6042470782224003,0.2961855197340443
64,0.001,0.0001,0.4,0.3,0.46650119105138915,0.7255190265954219,0.7283953918193972,0.39702659626507786,0.577821003722517,0.29458177407704095
64,0.001,0.0001,0.5,0.3,0.45751849212146434,0.7132374762789927,0.7001120473611838,0.3740734206160933,0.6144709698936295,0.2720527859167913
64,0.001,0.0001,0.6,0.3,0.4533094761158731,0.7143451464048676,0.7221817145557086,0.3852107315851482,0.5617824176547439,0.2772887822738321
64,0.001,0.0001,0.7,0.3,0.44589098884347145,0.6990250786738391,0.691581711566875,0.3562083371947798,0.6089708013227337,0.25321940388802605
64,0.001,1e-05,0.2,0.3,0.4714235781539493,0.7355855618253966,0.7273326321792526,0.3969569371125921,0.5929914889775494,0.29896727967217923
64,0.001,1e-05,0.3,0.3,0.46660763686992324,0.7308552819575098,0.742073305294483,0.41417563197386464,0.5475602533352737,0.3033043435053667
64,0.001,1e-05,0.4,0.3,0.45564649362369575,0.7076777688580418,0.6777852120355323,0.36467167363847847,0.651364486570172,0.2620213715751113
64,0.001,1e-05,0.5,0.3,0.4634094519230592,0.7163644940015941,0.6990500161807651,0.37242763178379307,0.6332884531639562,0.27682970466651835
64,0.001,1e-05,0.6,0.3,0.45033664258774575,0.7098562713696343,0.7059827569547079,0.36823216199676434,0.5925070287760736,0.26551252955782434
64,0.001,1e-05,0.7,0.3,0.44784112559517625,0.7053726884867731,0.6998848265756127,0.3628548990035654,0.5988103230027557,0.2594534774027168
64,0.0001,0.01,0.2,0.3,0.4627441998487248,0.7206756542137148,0.691427677176116,0.3621380757346259,0.648683097640601,0.2705589606338461
64,0.0001,0.01,0.3,0.3,0.47221205805481725,0.7247708304865791,0.6899934408160605,0.36864280722531495,0.6732318365347745,0.28153793264261334
64,0.0001,0.01,0.4,0.3,0.46482699698524355,0.71680992065867,0.6998060777922478,0.3672841760159532,0.6390470815806164,0.2766962493444959
64,0.0001,0.01,0.5,0.3,0.4569686968939585,0.7186770857612766,0.6822786220742819,0.35490399295313824,0.6481554353001007,0.2603992643091722
64,0.0001,0.01,0.6,0.3,0.45297610743334193,0.7073738803483802,0.6751981139103538,0.3482019662131627,0.6572029508238105,0.25269324875543775
64,0.0001,0.01,0.7,0.3,0.4423322063678775,0.6990124352141869,0.6644230335212642,0.33743898892746094,0.6495554220747201,0.23611431525372772
64,0.0001,0.001,0.2,0.3,0.4505355015218204,0.7047310552939606,0.6780069893601892,0.3527173457077025,0.6427714417448093,0.25228952711335395
64,0.0001,0.001,0.3,0.3,0.452581652778989,0.7093431050734619,0.6929082876062683,0.3595307360860581,0.6187033042412293,0.26030310273146495
64,0.0001,0.001,0.4,0.3,0.4619230914798177,0.7168356015686583,0.6951652362617688,0.36499693166647135,0.6362077926235676,0.2718101882141125
64,0.0001,0.001,0.5,0.3,0.4533353883967088,0.7088690134966371,0.677701595744446,0.35222651595463095,0.6489676040548625,0.2553166076962937
64,0.0001,0.001,0.6,0.3,0.42717366027391357,0.6902784693631743,0.661142907140827,0.327551043328378,0.6219312535876987,0.2177321568959326
64,0.0001,0.001,0.7,0.3,0.43513670466370835,0.6715734009557208,0.6205334570318356,0.32656054284023867,0.6995333382337662,0.2172679041156461
64,0.0001,0.0001,0.2,0.3,0.45525460108570737,0.7183618520513141,0.7037182089945394,0.37075682365961987,0.6024106591662659,0.2693167501534618
64,0.0001,0.0001,0.3,0.3,0.45501136634574096,0.7203327375969512,0.6969088540357203,0.3637318625871177,0.6150087574939185,0.2651298975463899
64,0.0001,0.0001,0.4,0.3,0.44685042894961297,0.7125828079580424,0.6831360436718873,0.35259746474919734,0.6229504711658016,0.25035155805336917
64,0.0001,0.0001,0.5,0.3,0.4346787971083418,0.7004144656155947,0.6773667997239162,0.3417742004528786,0.6044354781660356,0.23349745076832407
64,0.0001,0.0001,0.6,0.3,0.4484364599295927,0.7064405136223909,0.6948434367934222,0.3595797354885272,0.6037383060349415,0.2571671225713487
64,0.0001,0.0001,0.7,0.3,0.4356199777849975,0.694437443430947,0.6713092515881776,0.3377693674628575,0.6211324089863498,0.23191800271676702
64,0.0001,1e-05,0.2,0.3,0.44976898049603325,0.7058159896719044,0.64399644189303,0.33597631445616266,0.6977721633650229,0.23669883414227186
64,0.0001,1e-05,0.3,0.3,0.45228044763446745,0.7155765603049679,0.7018782432459946,0.36982835673935954,0.5997598728281481,0.2659081271378113
64,0.0001,1e-05,0.4,0.3,0.4547272349742261,0.7171852854718649,0.6905105638982566,0.36011805073593167,0.6328080169242727,0.2624030535360882
64,0.0001,1e-05,0.5,0.3,0.4388368443667833,0.7029580125635034,0.682045557816483,0.3492349745124471,0.6019273062421925,0.2413094619911477
64,0.0001,1e-05,0.6,0.3,0.4391392585860167,0.6939431795635679,0.67485936477655,0.34056760605311587,0.6238116515561559,0.23685572893634407
64,0.0001,1e-05,0.7,0.3,0.4359053104151288,0.6903066073721011,0.6701626282280037,0.33744330246137927,0.6248787990411202,0.2317896053991749
64_32,0.001,0.01,0.2,0.3,0.4821590316738062,0.7500509654537725,0.7317202671544674,0.40821261083560306,0.6065633271926469,0.3134148544180125
64_32,0.001,0.01,0.3,0.3,0.483351012608512,0.7399679516256272,0.7187978346645342,0.3982658592478185,0.6345309037817861,0.3075900992891035
64_32,0.001,0.01,0.4,0.3,0.49297107120461936,0.755667262853943,0.727794407846386,0.4101358580996739,0.6356704273541282,0.323149411644826
64_32,0.001,0.01,0.5,0.3,0.472671121714271,0.7370925781938905,0.7214815842452545,0.3945523105020673,0.603297236377905,0.29767796280092934
64_32,0.001,0.01,0.6,0.3,0.47845887598448567,0.7370090204324111,0.7054189618237956,0.3785358442953736,0.659555242272255,0.2946898051463131
64_32,0.001,0.01,0.7,0.3,0.46787637370717955,0.7275121005993133,0.6960273476117965,0.3730893719978961,0.6459608124227455,0.2804702356207021
64_32,0.001,0.001,0.2,0.3,0.4720517623588628,0.7318588500816874,0.7267547807176609,0.4005533959189078,0.5894673866510776,0.30024312545507936
64_32,0.001,0.001,0.3,0.3,0.4873511011791263,0.7373365849355954,0.7276092788430626,0.40859960163896514,0.6204260633391263,0.3170300636315666
64_32,0.001,0.001,0.4,0.3,0.47528166085314927,0.7330663498701369,0.7256501539511658,0.3990453341546902,0.6087160593254834,0.3030919733673638
64_32,0.001,0.001,0.5,0.3,0.476012283722404,0.7288632068017142,0.720550145637079,0.3928079500067899,0.614571361341116,0.2999739213900757
64_32,0.001,0.001,0.6,0.3,0.4529737170319306,0.7142388453417103,0.6996132609644854,0.36734158486312485,0.6067193049195927,0.2653752472134122
64_32,0.001,0.001,0.7,0.3,0.45241036974725335,0.7081909380281849,0.6776019214481561,0.34902582811127153,0.6603867294966463,0.2539946560358879
64_32,0.001,0.0001,0.2,0.3,0.474337191235778,0.7338312802585494,0.713859611909984,0.39336571135462883,0.6216462018751481,0.29646744974701245
64_32,0.001,0.0001,0.3,0.3,0.4665218371434598,0.7281648641731671,0.7190491804459472,0.3858301006513022,0.5963161443994227,0.2888826546264013
64_32,0.001,0.0001,0.4,0.3,0.4647678650351327,0.7207750653696695,0.7002300081086745,0.38332409005007767,0.6223398223831083,0.2819397112556966
64_32,0.001,0.0001,0.5,0.3,0.45799500775559865,0.7258308588585367,0.7108816827996656,0.3790757053471713,0.5930598295794205,0.2766742348587698
64_32,0.001,0.0001,0.6,0.3,0.4541886345803655,0.7084043133852889,0.6924944767767516,0.36395165465637014,0.6181388183705528,0.26326673361077574
64_32,0.001,0.0001,0.7,0.4,0.4472087832995184,0.7065481697816424,0.6780603674293181,0.34586805133045206,0.6410236762979697,0.24778091311923714
64_32,0.001,1e-05,0.2,0.3,0.4710629570163853,0.7350265872159865,0.7212707857753543,0.3887459761965545,0.6107046781934096,0.29519993596938976
64_32,0.001,1e-05,0.3,0.3,0.46571884389669443,0.7180858764803143,0.6929351960163078,0.381454630585803,0.6338130047796531,0.2798192568145656
64_32,0.001,1e-05,0.4,0.5,0.44999780724815935,0.7174089378617864,0.7128057548043214,0.3781246516223167,0.5796391027830319,0.2700061555431426
64_32,0.001,1e-05,0.5,0.3,0.46106259603009353,0.7110291785118352,0.7089834803954689,0.37942676910423573,0.603195688573981,0.27901671356605656
64_32,0.001,1e-05,0.6,0.3,0.45826068199487047,0.7157214281001489,0.6801676401387289,0.36476312267680416,0.6459258391245669,0.264905908285993
64_32,0.001,1e-05,0.7,0.3,0.44338488295281503,0.7049094515915826,0.6794230497588888,0.3453897631830186,0.6291694715340693,0.24443697509378765
64_32,0.0001,0.01,0.2,0.3,0.476735449680821,0.7236756192905736,0.6944362419585856,0.3727056554886976,0.6757809503094622,0.288166392388605
64_32,0.0001,0.01,0.3,0.3,0.466357127935221,0.7156129949927896,0.6796323002576518,0.36579393465834825,0.6686730281187904,0.2718887058622328
64_32,0.0001,0.01,0.4,0.3,0.4770871533646993,0.7154471378794217,0.6779648112745472,0.36834572988600184,0.6990188897039212,0.2837965200523881
64_32,0.0001,0.01,0.5,0.3,0.45614775690599396,0.7083777764137655,0.6740424611222855,0.3493980919311775,0.6643826792922746,0.25582321600098856
64_32,0.0001,0.01,0.6,0.3,0.4585310580259314,0.7152990478211531,0.6675104665744832,0.3488957661484807,0.679718022819276,0.2560221384653869
64_32,0.0001,0.01,0.7,0.4,0.449956109194723,0.7040897833934606,0.6572368569944584,0.33800791110389156,0.6790372127014662,0.24108228278667498
64_32,0.0001,0.001,0.2,0.3,0.45602996411641056,0.7116092567553116,0.6764489906266368,0.3532591051577233,0.6569536657904219,0.2578858868999338
64_32,0.0001,0.001,0.3,0.3,0.4596951432036209,0.7123140253010875,0.6731098461141268,0.34899759095380595,0.6869522395486738,0.25955459454169183
64_32,0.0001,0.001,0.4,0.3,0.4633868451854083,0.715981767804327,0.6869145488605408,0.3643430230753563,0.6533816879497467,0.27070227905845784
64_32,0.0001,0.001,0.5,0.3,0.44584855717294536,0.7028935663604768,0.6626391018236998,0.3419509574309496,0.6496725255539617,0.23992557684997068
64_32,0.0001,0.001,0.6,0.4,0.44545145702719796,0.6982304096839169,0.6576701215000759,0.3363378988773442,0.6645961780499212,0.23635269947362564
64_32,0.0001,0.001,0.7,0.3,0.43241802054662576,0.6953455692156036,0.6034443244926901,0.3099868299619001,0.7246337378774921,0.20126523551245717
64_32,0.0001,0.0001,0.2,0.3,0.46185472237137415,0.7119773648724312,0.6618776903664347,0.3486452621179482,0.7105612868744042,0.25841549703765193
64_32,0.0001,0.0001,0.3,0.3,0.46898003046818826,0.7154377185379369,0.7008241374990212,0.37336798348561906,0.6392410235504724,0.28243846943045087
64_32,0.0001,0.0001,0.4,0.3,0.4637809114936908,0.7206237224398417,0.7004515657183077,0.3690745295863424,0.6301248869339682,0.2761788182264736
64_32,0.0001,0.0001,0.5,0.3,0.4533630263900569,0.7042078736454523,0.672463576451463,0.35129014187246643,0.654140571217045,0.2528755165915657
64_32,0.0001,0.0001,0.6,0.4,0.4486413323774201,0.7039548415527553,0.6612811396343499,0.3396056069754697,0.6670625941692873,0.24179374611549614
64_32,0.0001,0.0001,0.7,0.4,0.4337476071782678,0.6699636706865,0.572296188334356,0.30714987220386414,0.7769549401420512,0.1963732471307157
64_32,0.0001,1e-05,0.2,0.3,0.45168476166434085,0.7088060042747666,0.6947954956696872,0.36126679093627195,0.6085378506023652,0.2604288313962968
64_32,0.0001,1e-05,0.3,0.3,0.44770322463100926,0.697691826651937,0.6590406225573329,0.3440517813448048,0.6628303986037177,0.24161155276545881
64_32,0.0001,1e-05,0.4,0.3,0.45637404457582376,0.7041884167379772,0.6661509411397564,0.35012720893609484,0.6722732807972374,0.2539067714308554
64_32,0.0001,1e-05,0.5,0.3,0.45374644799192493,0.7042510985693814,0.6615895487795628,0.3413684985321322,0.6861152141061485,0.2479186207887376
64_32,0.0001,1e-05,0.6,0.4,0.44883386712459783,0.7058740644888738,0.6574176271719349,0.33516592489213093,0.6834113437656139,0.24010578766024288
64_32,0.0001,1e-05,0.7,0.3,0.43729357501317623,0.6886592020255712,0.5885097575465555,0.30649327269435417,0.7729620728348549,0.20234435399493506
128,0.001,0.01,0.2,0.3,0.49728395678444653,0.7445078848599836,0.7007768719572282,0.38774827615608815,0.7113737102377379,0.3142778004555313
128,0.001,0.01,0.3,0.4,0.48944369544648403,0.7483830900271784,0.7055790909183347,0.3842226359730869,0.6907303448720923,0.3071902978968529
128,0.001,0.01,0.4,0.3,0.49577883911157583,0.7538169942629586,0.716028670744824,0.3997528861424089,0.6780057380387421,0.320399988371452
128,0.001,0.01,0.5,0.3,0.47658652046995414,0.7299300743352147,0.6801982458944386,0.3688559475431514,0.7028443662202049,0.2833360188276286
128,0.001,0.01,0.6,0.3,0.4889557771875121,0.7369231250434601,0.6846305488738615,0.3742472062341685,0.7313655306189382,0.29826039446213287
128,0.001,0.01,0.7,0.3,0.47401362098668176,0.729999962360848,0.6982680389323642,0.37036154122268783,0.6647114375125922,0.28596866252295816
128,0.001,0.001,0.2,0.3,0.47896272247496635,0.7429237237182523,0.7380904060003134,0.40954426698251034,0.5878063438077652,0.31281462640661006
128,0.001,0.001,0.3,0.3,0.48202101751719956,0.740169172559672,0.7319405309040729,0.41337898014870084,0.5983570526660739,0.3141520116511024
128,0.001,0.001,0.4,0.3,0.48607279569595646,0.7428424569280934,0.7313264389833612,0.41081171928967264,0.613106780863005,0.3175986679264654
128,0.001,0.001,0.5,0.3,0.4720049378911133,0.7198175162478451,0.6988422171645586,0.37983257465006287,0.6464144810983936,0.28691474184387367
128,0.001,0.001,0.6,0.3,0.4664370311787988,0.7167213354050743,0.7043935898142606,0.376093835936784,0.6281300745436275,0.2818992033693736
128,0.001,0.001,0.7,0.3,0.4590002183776104,0.7198592637798773,0.7113079330277745,0.3778610714953738,0.5963606258733949,0.27738892423304684
128,0.001,0.0001,0.2,0.3,0.47010706932902274,0.7322530790239515,0.7064027828049866,0.38720037019082365,0.6300070396546961,0.2888056955434884
128,0.001,0.0001,0.3,0.3,0.48159503135213877,0.7300755874867628,0.7261940645426088,0.40477569390213375,0.6136046495257057,0.3098539080864461
128,0.001,0.0001,0.4,0.3,0.46688121605808564,0.7228302300815356,0.7170636259697802,0.3833419063911224,0.6069734932986497,0.28817958921464293
128,0.001,0.0001,0.5,0.3,0.47618941101129425,0.7289124516881875,0.6955820424758018,0.3713486189083938,0.6787856530401359,0.2880433174440604
128,0.001,0.0001,0.6,0.3,0.4645504235944178,0.7213560297148977,0.7183508841520105,0.3828204730063461,0.5963809315064209,0.28604074104737914
128,0.001,0.0001,0.7,0.3,0.4461774995412182,0.7060126186616345,0.69560268906549,0.3579884532216654,0.6040772831745493,0.25542825909718186
128,0.001,1e-05,0.2,0.4,0.4731853295031517,0.7299489111621524,0.6854296167973322,0.38166587153736414,0.6686193657955976,0.28583302561696716
128,0.001,1e-05,0.3,0.3,0.4723442162954384,0.730360098521255,0.7175788569060726,0.3894568435224425,0.6110302155534237,0.2945095527157965
128,0.001,1e-05,0.4,0.3,0.4630356854575406,0.7206904990795586,0.6973434545181254,0.37585202632010256,0.6228607091188275,0.27594000864281865
128,0.001,1e-05,0.5,0.3,0.46377819867289516,0.7204888984503898,0.7016957989534106,0.3782196287087486,0.6258386789957735,0.27947041553734236
128,0.001,1e-05,0.6,0.3,0.4570741824515956,0.7213202845621689,0.7223261255263014,0.3879890835631635,0.5643155461616421,0.2812300470498733
128,0.001,1e-05,0.7,0.3,0.4489322244007778,0.7013129603383212,0.6974258999832422,0.3631403692073899,0.5966263681476817,0.25920664926903453
128,0.0001,0.01,0.2,0.3,0.4766291642848831,0.7268896692303091,0.6916342869161523,0.37465054988181423,0.6759351639705676,0.2880161244080776
128,0.0001,0.01,0.3,0.3,0.4675094422584376,0.7282812566147716,0.7124680771658614,0.3817533354023436,0.6141888017933997,0.28678479155702075
128,0.0001,0.01,0.4,0.3,0.46520412532944927,0.7281778998529538,0.7088057030716476,0.3805844652060415,0.6102889636601709,0.28313275309997643
128,0.0001,0.01,0.5,0.3,0.456795044979304,0.7181909409434634,0.70457024369319,0.3702672476124038,0.6055808628097417,0.27113662921360493
128,0.0001,0.01,0.6,0.3,0.46159604120444264,0.718156849450433,0.6915855567335317,0.3624926965423848,0.6462402222253625,0.2699736409050201
128,0.0001,0.01,0.7,0.3,0.45190598611218913,0.7126541225929657,0.6867440798469339,0.3528614503299933,0.6330580992479281,0.2563621775323742
128,0.0001,0.001,0.2,0.3,0.450853496086268,0.7149472180274028,0.7009358419327858,0.36520269175984194,0.5949671282681642,0.26266461577803407
128,0.0001,0.001,0.3,0.3,0.4472994067801551,0.7218227374391336,0.6990465533821681,0.36245179493321306,0.6007697730729404,0.2588026627119537
128,0.0001,0.001,0.4,0.3,0.4593601144143715,0.7248244040196795,0.7049360163826576,0.3776930197776669,0.6040275312701741,0.27580729560727874
128,0.0001,0.001,0.5,0.3,0.45688859569893286,0.7102710645508669,0.702969814858224,0.36713727519227185,0.6108610475774023,0.26980658319355716
128,0.0001,0.001,0.6,0.3,0.443668656089457,0.7069752246190214,0.6741895937142091,0.3446883760267351,0.6367902448197109,0.24278552921819596
128,0.0001,0.001,0.7,0.3,0.4398414654103597,0.6947816445567587,0.6702938779673329,0.33876144732646507,0.6359841848312809,0.23592131042306397
128,0.0001,0.0001,0.2,0.3,0.46114957869007717,0.7245118514573858,0.7028370038860866,0.3712419505989569,0.6227809224910097,0.2753286801931503
128,0.0001,0.0001,0.3,0.3,0.45175348240981494,0.7150926693782942,0.7078779279089018,0.3727054144208954,0.5908853697139762,0.2682972862867779
128,0.0001,0.0001,0.4,0.3,0.4614491000591265,0.7200531757102745,0.701090744085847,0.37198433402123465,0.6266352577544153,0.275218832723662
128,0.0001,0.0001,0.5,0.3,0.4451067297049899,0.7124901181949936,0.6970185464028635,0.3614181357254222,0.5940208453142692,0.2554345117802135
128,0.0001,0.0001,0.6,0.3,0.4370673024924351,0.6734907565751198,0.6369503358287316,0.33767635204926993,0.6696022057194015,0.22702908418859336
128,0.0001,0.0001,0.7,0.3,0.4383424177609143,0.7022259190921469,0.687641665055937,0.3502591604747308,0.595833463870504,0.24297649949328148
128,0.0001,1e-05,0.2,0.3,0.45426981478815087,0.7228663004523332,0.6923181160771407,0.3605806496515103,0.6257526922219875,0.26244443971385356
128,0.0001,1e-05,0.3,0.3,0.4466449012399343,0.7108015429187869,0.678089094209957,0.3495003748806752,0.6321802096573287,0.24796315094067248
128,0.0001,1e-05,0.4,0.3,0.450199457531755,0.7149050211367027,0.6948271826040977,0.35936548714581457,0.6084059184473041,0.2586879497303579
128,0.0001,1e-05,0.5,0.3,0.4472507463058525,0.7042296296472951,0.6835373292822279,0.3546065366863823,0.6172066966373746,0.2513397562811166
128,0.0001,1e-05,0.6,0.3,0.43733111751578724,0.6940823067865347,0.6782561832649321,0.3434982110489154,0.6088662074264739,0.23707387859084222
128,0.0001,1e-05,0.7,0.3,0.4409868059760269,0.6990149116023914,0.6838243458842101,0.3487216138066453,0.6089303484997921,0.24380522967325774
128_64,0.001,0.01,0.2,0.3,0.49123806396089986,0.751440429367531,0.7285352011757726,0.4069074936265119,0.6311688724967189,0.3206364221609406
128_64,0.001,0.01,0.3,0.3,0.4861830645974578,0.7462984715695237,0.7064864067651865,0.39392562572907996,0.6710799075109763,0.306431351054694
128_64,0.001,0.01,0.4,0.3,0.4885095574637458,0.7417329759856387,0.7104387492754818,0.39001869766346936,0.6739036254272583,0.3094205318720264
128_64,0.001,0.01,0.5,0.4,0.4834127457293791,0.7426702874669913,0.7108086501508648,0.38616192688136286,0.6614737724779115,0.30325118621045904
128_64,0.001,0.01,0.6,0.3,0.4852383851765259,0.7431483998322396,0.7282988303710065,0.39993793612559514,0.627193250617526,0.3137022392873815
128_64,0.001,0.01,0.7,0.3,0.48868147685090957,0.7435049047699245,0.7220372092730979,0.3979809103475787,0.6515362405558097,0.31490518078423363
128_64,0.001,0.001,0.2,0.3,0.47816618488455165,0.7324738884365328,0.7100984183324534,0.39169075896029587,0.6416389322729389,0.2985167509858273
128_64,0.001,0.001,0.3,0.3,0.4761989367572701,0.7345348884136987,0.721876420791771,0.38996445310775646,0.6211118141558944,0.3006632017381201
128_64,0.001,0.001,0.4,0.3,0.4712043444317933,0.733348700023757,0.6905774120514419,0.3716173547384948,0.6671913421651464,0.28143654274878643
128_64,0.001,0.001,0.5,0.3,0.4683189572974352,0.7196624259193867,0.70592699933964,0.3751937763509422,0.6412121802187734,0.284851275598981
128_64,0.001,0.001,0.6,0.3,0.45777032893563396,0.7144622397181513,0.6608520399261486,0.36318721986850877,0.674419869183492,0.25984257453591597
128_64,0.001,0.001,0.7,0.3,0.45869936700674785,0.7153463177799463,0.7029531829871233,0.3680066552024711,0.6136300399224184,0.2718734847542479
128_64,0.001,0.0001,0.2,0.3,0.4715160000118933,0.7369789426031272,0.7220467344414286,0.4052908662155853,0.590864508066015,0.29887820457868125
128_64,0.001,0.0001,0.3,0.3,0.4632303333173501,0.7162615598029568,0.6842111878604153,0.3834116347940446,0.6422809399911455,0.27628184699572156
128_64,0.001,0.0001,0.4,0.3,0.4630045904896593,0.722906153175688,0.733341827836258,0.4004624870735126,0.5573508563895202,0.293600018181004
128_64,0.001,0.0001,0.5,0.3,0.4565965484919056,0.7223938061297195,0.6855255525097176,0.35937002376006877,0.6468431554788986,0.26253163118522205
128_64,0.001,0.0001,0.6,0.3,0.4562140261188694,0.7123109175886573,0.6717586403427813,0.35800969581923114,0.6590547006938612,0.25846960909957845
128_64,0.001,0.0001,0.7,0.3,0.4472023937250853,0.7108215921426179,0.6864954107094474,0.3531518032107036,0.6191807433809344,0.25194417780402584
128_64,0.001,1e-05,0.2,0.3,0.4771616231821013,0.7508673168580731,0.7249647205488698,0.39735362023972043,0.6121360432581648,0.3040916176536962
128_64,0.001,1e-05,0.3,0.5,0.4516174155390832,0.7179062717183321,0.7038081538892804,0.36413562308535496,0.5961173211946055,0.2642267265222221
128_64,0.001,1e-05,0.4,0.3,0.46025728228762086,0.7261541084863726,0.7272025061981672,0.39786368189986027,0.562768455615739,0.28847344642164036
128_64,0.001,1e-05,0.5,0.3,0.4560264609059942,0.7236947430763777,0.7267207399508495,0.3951083890343752,0.5530661680518889,0.28321964522960386
128_64,0.001,1e-05,0.6,0.3,0.45973398732859294,0.7140289965733503,0.7021452049859075,0.3738397006074983,0.609309515538947,0.27395644149011256
128_64,0.001,1e-05,0.7,0.4,0.437860322014071,0.697294768372826,0.6508369992450257,0.33006846543736973,0.6627082668451841,0.22584931836817143
128_64,0.0001,0.01,0.2,0.3,0.49064705002893055,0.7359058823880906,0.7026382099393451,0.3894522582813735,0.6848116435597473,0.30866163937085067
128_64,0.0001,0.01,0.3,0.3,0.47656358435200447,0.7366995327013233,0.7047166454143456,0.37878204446503627,0.6540950682133941,0.292682635693779
128_64,0.0001,0.01,0.4,0.3,0.4674734966154753,0.726864428474507,0.6898582311014048,0.36726882830378804,0.6554867205902711,0.27595777330482274
128_64,0.0001,0.01,0.5,0.3,0.4704351097626855,0.7249561958680364,0.6911989726476533,0.367714821812444,0.6644647729360456,0.2797258189140065
128_64,0.0001,0.01,0.6,0.3,0.46310802643737264,0.7150043969874129,0.6742678127451882,0.35493958387025293,0.6766176456887496,0.2638920748901574
128_64,0.0001,0.01,0.7,0.3,0.4508622111250718,0.6706821631572496,0.598456210912431,0.3257440301545823,0.7716954732820485,0.22637858815820655
128_64,0.0001,0.001,0.2,0.3,0.47131303518506984,0.735203472038996,0.7030883300134263,0.3801443383226755,0.6478894524843756,0.2877759241634347
128_64,0.0001,0.001,0.3,0.3,0.4602375775351904,0.7203941584786808,0.6965179427727388,0.3661638121104737,0.6316171696661412,0.27107875747276317
128_64,0.0001,0.001,0.4,0.3,0.45940337580398555,0.7177780134225519,0.6688679890877312,0.35195810513835857,0.6871918693349329,0.2587702637150632
128_64,0.0001,0.001,0.5,0.3,0.4493389159389481,0.7087676552960993,0.6811350654997325,0.3520449218279341,0.6340759945698721,0.252242564528123
128_64,0.0001,0.001,0.6,0.3,0.45066727353149466,0.706333866297342,0.6569400199009054,0.3410320813993856,0.6778264132513173,0.24323614854885398
128_64,0.0001,0.001,0.7,0.3,0.4425643727187086,0.6977403774106323,0.6252399249592221,0.3236137233827011,0.7138165450460396,0.22148800341027344
128_64,0.0001,0.0001,0.2,0.3,0.46593427479788163,0.72060968925394,0.7097132925088936,0.37920439083215884,0.6141345206424201,0.2836346365466865
128_64,0.0001,0.0001,0.3,0.3,0.4688840142307707,0.7242773581597517,0.6791641951145183,0.3607409070898995,0.6834483247717611,0.2729649294761991
128_64,0.0001,0.0001,0.4,0.3,0.462740919110855,0.7240387723652084,0.6846654478917832,0.3622434967612557,0.6551903501301255,0.2689315389282113
128_64,0.0001,0.0001,0.5,0.3,0.45916653415780057,0.7212544920812187,0.6785959825333963,0.3555471466264728,0.6610320477782607,0.26183906120395006
128_64,0.0001,0.0001,0.6,0.3,0.44159546291624885,0.6972117794287499,0.6287588086914797,0.3214741640553107,0.7117372269343905,0.22092666736448846
128_64,0.0001,0.0001,0.7,0.3,0.434347761462199,0.6586448006251333,0.5780058472018975,0.3062654277036011,0.7668822580151151,0.19818736560577638
128_64,0.0001,1e-05,0.2,0.3,0.4633881088586175,0.73341808186928,0.7199591739071118,0.39476185246179823,0.5805305481476052,0.28806704242114983
128_64,0.0001,1e-05,0.3,0.3,0.4536321049750141,0.7157036733376982,0.6998478873415543,0.3667524944881323,0.6076936386683969,0.26609521604413044
128_64,0.0001,1e-05,0.4,0.3,0.4694127678433754,0.7190564524065461,0.6896972155313148,0.375154005681632,0.6544827966006338,0.2805724390924097
128_64,0.0001,1e-05,0.5,0.3,0.45875659529703283,0.7149485080311403,0.6786761910799464,0.35324859469504416,0.6683009747525709,0.26137138392276116
128_64,0.0001,1e-05,0.6,0.3,0.4423399198297767,0.7010803272135432,0.6383376364576588,0.325240452845317,0.6964969513892577,0.22524028582585184
128_64,0.0001,1e-05,0.7,0.3,0.4367689515721505,0.6600245860025755,0.5660008830023874,0.3052496633630574,0.7984332047299348,0.1983750500405485
256,0.001,0.01,0.2,0.3,0.4903395416402909,0.743504806374564,0.7194922261361046,0.39813622147004,0.6534298657438784,0.31495288305256885
256,0.001,0.01,0.3,0.3,0.48979667821625206,0.7414222109735278,0.7081219760542988,0.3867601313131347,0.6832119148245832,0.3088485412367804
256,0.001,0.01,0.4,0.3,0.48561817601301094,0.7378569592110179,0.6981162045133226,0.3813007584397471,0.6909071031647758,0.3004858008951315
256,0.001,0.01,0.5,0.3,0.4872587165306147,0.7381752264941019,0.7149700567280005,0.3898071042091036,0.6647955847100833,0.3090652114651821
256,0.001,0.01,0.6,0.3,0.4825969339953645,0.7355377767500259,0.7098693295151676,0.38308455661888796,0.6557119021114267,0.30061802453261166
256,0.001,0.01,0.7,0.3,0.48430547223875975,0.734492080890659,0.6802230288684135,0.36502431534691454,0.7325561411701059,0.29002896691043745
256,0.001,0.001,0.2,0.3,0.4837042424754035,0.741600519047867,0.7107326127146296,0.38399372947999083,0.6672241402385569,0.30305187379400456
256,0.001,0.001,0.3,0.3,0.4874978288031816,0.740984140141663,0.7269779296960934,0.40136240854306304,0.6352315888595814,0.31564446107317823
256,0.001,0.001,0.4,0.3,0.4763883008162642,0.7339510253130077,0.73383499446716,0.4078280534946866,0.5850822210368944,0.3082062999237415
256,0.001,0.001,0.5,0.3,0.4881307203602738,0.7423223997087145,0.730372567314918,0.402638527848133,0.6269584724805437,0.3175180081177724
256,0.001,0.001,0.6,0.3,0.48609364847996517,0.7312701650697486,0.7124417494622438,0.38790039871873816,0.6635661603400975,0.30656554807113784
256,0.001,0.001,0.7,0.3,0.472720729838975,0.7233939228990681,0.6979820890779161,0.3723849901666199,0.6593526113975993,0.2854931380977497
256,0.001,0.0001,0.2,0.3,0.4819241910755598,0.7444135905237397,0.7254987779992957,0.40227616731002963,0.6161423303601399,0.30943568055813314
256,0.001,0.0001,0.3,0.3,0.47004738233535515,0.7292434574041955,0.7267155097816459,0.4031990108405453,0.5809661734379488,0.2984832479641771
256,0.001,0.0001,0.4,0.3,0.47600762754115494,0.73341103979858,0.7173569635285741,0.39190686375108796,0.6186454711135446,0.29869994575317677
256,0.001,0.0001,0.5,0.3,0.47490922040900685,0.7288078947969495,0.7210793178890815,0.39465669366588196,0.6151651044058655,0.300236507057681
256,0.001,0.0001,0.6,0.3,0.47505216196284694,0.7268683385837476,0.7221061007010976,0.39002416420034025,0.6132042404233005,0.29911095368354107
256,0.001,0.0001,0.7,0.3,0.45302994968234717,0.7189913730805275,0.6940345262947349,0.3728978616308075,0.6067617894065611,0.26619502035298204
256,0.001,1e-05,0.2,0.3,0.4688105261443227,0.7143155304419029,0.6909794215507384,0.381551527683852,0.6526087584184829,0.28184846750944526
256,0.001,1e-05,0.3,0.3,0.4850606686444191,0.7429339436536183,0.7122919933717684,0.3958618975839229,0.6572501590124198,0.30740776370840217
256,0.001,1e-05,0.4,0.3,0.4655016107705466,0.7246779444645167,0.7233416082436763,0.40275827684175364,0.5784773187134779,0.2930432611084217
256,0.001,1e-05,0.5,0.3,0.4690999492288658,0.7330328055196276,0.7364406065045999,0.40370201300944386,0.5678974738711331,0.3012454772608829
256,0.001,1e-05,0.6,0.3,0.46094657017921464,0.7216961746907049,0.7154273804670066,0.3793249320390819,0.5975660074892494,0.2810889326756512
256,0.001,1e-05,0.7,0.3,0.45609446772055956,0.7110204471062346,0.6767521580830596,0.36189004580364437,0.6482397907470249,0.2611872397205001
256,0.0001,0.01,0.2,0.3,0.4752571911382925,0.7348426117570914,0.6964479131069842,0.3789007780114698,0.6590577506668057,0.28914837561572015
256,0.0001,0.01,0.3,0.3,0.46692702847744183,0.7189868073625773,0.7041505064022896,0.38210080620306297,0.6259087287863314,0.2840333271056144
256,0.0001,0.01,0.4,0.3,0.4691224716914788,0.7269510259060782,0.7164130487962306,0.38802116784517493,0.6065273428742872,0.2911073291253209
256,0.0001,0.01,0.5,0.3,0.46421304837512417,0.7281094882375698,0.7019170981187933,0.3706151083406435,0.6332723468542584,0.277713477718848
256,0.0001,0.01,0.6,0.3,0.4625236599335335,0.7276788985988837,0.6979710637640684,0.367709789136333,0.6356071672900396,0.27405801752792786
256,0.0001,0.01,0.7,0.3,0.45885761395341235,0.7147684952969205,0.6952470370692954,0.36239070606868545,0.6304428362601253,0.26798928343488954
256,0.0001,0.001,0.2,0.3,0.4594752715199233,0.719181630374449,0.7073826977462918,0.379932178140629,0.5968908490829662,0.2770226551655678
256,0.0001,0.001,0.3,0.3,0.4542943561679144,0.718010339768336,0.708421025063126,0.3744081263631758,0.5913112065990154,0.27088142204245724
256,0.0001,0.001,0.4,0.3,0.4524881757732205,0.718500415663996,0.7012075163407541,0.3672856110865085,0.5991131725441668,0.2650009532718788
256,0.0001,0.001,0.5,0.3,0.4493510989895516,0.7177795425674,0.7155151398677722,0.3788602036937715,0.5643116718767095,0.26975718969345924
256,0.0001,0.001,0.6,0.3,0.45520502988568634,0.7198219673128783,0.7001872478995318,0.36650764068193714,0.6130144277288323,0.26748453915238
256,0.0001,0.001,0.7,0.3,0.4465004543190581,0.7106913838672642,0.6898128855303471,0.35382843872623093,0.6151848494516315,0.25270223742486175
256,0.0001,0.0001,0.2,0.3,0.4544631946806879,0.7181159940191127,0.6960415533541646,0.3638469571671759,0.6151565834157912,0.2644394725670603
256,0.0001,0.0001,0.3,0.3,0.45211024180369985,0.7183910036071333,0.6993991905791963,0.3639285026171772,0.6076665868119572,0.2635075660657146
256,0.0001,0.0001,0.4,0.3,0.4484448835567493,0.720335214050573,0.7088320521615881,0.3710789929261099,0.579443985730457,0.2648717294630315
256,0.0001,0.0001,0.5,0.3,0.45933834858103484,0.7180519182100731,0.7044269446880941,0.372358495454787,0.6155393292315966,0.2743748612511919
256,0.0001,0.0001,0.6,0.3,0.4435680896450395,0.7014873335786787,0.6779422693058921,0.349055214290401,0.6179460960521579,0.24434234248568223
256,0.0001,0.0001,0.7,0.3,0.4444973494819181,0.7080811801668225,0.6917411542981624,0.35585223039684255,0.6062105345618043,0.25202515793408825
256,0.0001,1e-05,0.2,0.3,0.46325970907476155,0.7266193179682907,0.7070542242788133,0.37881410782147673,0.6206654412587056,0.28101148049424607
256,0.0001,1e-05,0.3,0.3,0.4575018824637029,0.7130558240722065,0.6852437469608287,0.3584535135797737,0.6449762633152272,0.2625921445941319
256,0.0001,1e-05,0.4,0.3,0.44698804463152075,0.7202265388772368,0.7014249814240747,0.3612523479351515,0.5903926255230342,0.2582778729411883
256,0.0001,1e-05,0.5,0.3,0.4503239667713645,0.7211124626049902,0.6857947084110434,0.35415873600565095,0.6396758201313829,0.2560821573952012
256,0.0001,1e-05,0.6,0.3,0.4453550687317579,0.7115148386570624,0.6922539598480286,0.3553051170105284,0.6125801726392857,0.25310425027248795
256,0.0001,1e-05,0.7,0.3,0.44310267173123774,0.7059015770681192,0.6910361626293835,0.3531200267356162,0.6074724109778635,0.25003334121939014
256_128,0.001,0.01,0.2,0.3,0.49112949080259866,0.7424009480224075,0.7161837898012988,0.39529452570048373,0.6689478791899527,0.314783362461151
256_128,0.001,0.01,0.3,0.3,0.4864241616158352,0.7492368833139977,0.7260326462314007,0.4168382669939561,0.6286924298472428,0.3167658483024703
256_128,0.001,0.01,0.4,0.3,0.4756616362020084,0.7209498200247139,0.7100782684064841,0.390157717345545,0.6367650515212713,0.29622118129609276
256_128,0.001,0.01,0.5,0.3,0.48510422809722176,0.7327485257971295,0.7027606898927405,0.384463598658337,0.6746769096827826,0.30134563653716623
256_128,0.001,0.01,0.6,0.3,0.48317843783300685,0.7371164526127206,0.6943560833061492,0.39086661705500336,0.6760870548587326,0.3005297191889071
256_128,0.001,0.01,0.7,0.3,0.4601212904237853,0.7194471627883237,0.6969692701876932,0.36569686983971084,0.6278107386737402,0.2705921028655415
256_128,0.001,0.001,0.2,0.3,0.4855353177919248,0.7443881452296658,0.7462576881212974,0.4261439825403623,0.5886190622427256,0.3259085553143769
256_128,0.001,0.001,0.3,0.4,0.4994229992419754,0.75417936805651,0.739361024400462,0.4226251898569314,0.6340181839044329,0.3356597342840833
256_128,0.001,0.001,0.4,0.3,0.48369421774005117,0.742274811635531,0.7303755201570947,0.40836563235212653,0.6100653102832917,0.3145129639546407
256_128,0.001,0.001,0.5,0.3,0.46501451355810464,0.7330352058225093,0.693498267241378,0.3803904588631766,0.6303261715755,0.27847680878926484
256_128,0.001,0.001,0.6,0.3,0.46519244526700537,0.724368059897425,0.7214504127845435,0.39192799887691104,0.586215443265088,0.2898142858459073
256_128,0.001,0.001,0.7,0.3,0.466439512280146,0.7196259385512633,0.6829996305052896,0.3556697419465675,0.6918857705020759,0.27143455289161045
256_128,0.001,0.0001,0.2,0.3,0.4695235580580113,0.7467610800722742,0.7326616251140508,0.3988070982242252,0.5761669521854197,0.29928578987032217
256_128,0.001,0.0001,0.3,0.3,0.4789637133886833,0.7326018515894434,0.7071561190351117,0.39105092735519664,0.6452948061835818,0.2986459737690955
256_128,0.001,0.0001,0.4,0.3,0.4686772313477222,0.727755067476236,0.7183106937812639,0.38562710790091403,0.6070907930829974,0.2906953046457074
256_128,0.001,0.0001,0.5,0.3,0.4767903383075339,0.7286018099383778,0.7038093529326452,0.3828220920884796,0.6549916442282031,0.29369824210328377
256_128,0.001,0.0001,0.6,0.3,0.4579020696949897,0.7159821319768145,0.6885929128984597,0.36350183142130676,0.6308132612352384,0.2650780619023582
256_128,0.001,0.0001,0.7,0.3,0.4570004925602462,0.7206800623714116,0.6982847699533925,0.36680472761522276,0.6177593863672645,0.2686454098129036
256_128,0.001,1e-05,0.2,0.3,0.474699586375004,0.7241718127628868,0.7075954560342574,0.3851139766890688,0.6297927760176976,0.2922249127508296
256_128,0.001,1e-05,0.3,0.3,0.46608260804721613,0.7218475051757451,0.7076115793280351,0.3914377733808202,0.610021344365556,0.2864694775051822
256_128,0.001,1e-05,0.4,0.3,0.47355342848255966,0.7391923948037695,0.7431209828621,0.4157859412177224,0.5612102370889712,0.310414523751783
256_128,0.001,1e-05,0.5,0.3,0.4718880219627731,0.724925502413723,0.7174666099049856,0.38943700684422583,0.6113317265542537,0.2944501652610755
256_128,0.001,1e-05,0.6,0.3,0.4575427244906881,0.717896898292343,0.7100730433002094,0.3770017479771107,0.599374089394646,0.2756989388917026
256_128,0.001,1e-05,0.7,0.3,0.44576445420676203,0.7116390736071198,0.6882803321627141,0.35533642722725806,0.6124656469964695,0.25189593380756176
256_128,0.0001,0.01,0.2,0.3,0.487789337897241,0.743711189144965,0.7125110004842549,0.38808243878595405,0.6670036136025941,0.30843081084017615
256_128,0.0001,0.01,0.3,0.3,0.4825420557719794,0.7367073273806862,0.7176646757098567,0.39473253741753445,0.6350995920795665,0.30607290989590225
256_128,0.0001,0.01,0.4,0.3,0.47803194537549665,0.732132278938213,0.7132984150633204,0.38758378152664746,0.6370830561243956,0.2988162035335945
256_128,0.0001,0.01,0.5,0.3,0.48099672545296235,0.7284591548465846,0.6944123953321517,0.37867039685129955,0.6786006019346396,0.2940500933363136
256_128,0.0001,0.01,0.6,0.3,0.46758547296323194,0.7171748693488683,0.6850675702968431,0.3631656322171616,0.6671647076073458,0.27399484908301075
256_128,0.0001,0.01,0.7,0.3,0.45658662309353504,0.7139556371003108,0.6579175895415135,0.3421545594878141,0.6941769022245129,0.24938400734935628
256_128,0.0001,0.001,0.2,0.3,0.48188914681180606,0.7411362047699979,0.7053289182151186,0.38064893979929904,0.6642382876931819,0.29829343348496906
256_128,0.0001,0.001,0.3,0.3,0.47583240800747684,0.7242367862789977,0.703671795390971,0.38040415655702664,0.6458489262281676,0.2917475756878419
256_128,0.0001,0.001,0.4,0.3,0.47250483572078084,0.7287224885528787,0.7119931386151913,0.38341347025645056,0.6249498079584103,0.2917082396573609
256_128,0.0001,0.001,0.5,0.3,0.45943246420903383,0.7049540302709826,0.6637976802210211,0.35404497894591136,0.6798508954846596,0.2584921445249517
256_128,0.0001,0.001,0.6,0.3,0.466009837442813,0.7187196815565017,0.6715684090256964,0.3545887233755646,0.6928925652987373,0.2663613178075065
256_128,0.0001,0.001,0.7,0.4,0.44359082214233425,0.6975630449407632,0.6570686511446834,0.33556161871903456,0.6593435284252176,0.23436896194825207
256_128,0.0001,0.0001,0.2,0.3,0.4680353166233374,0.7304128848935925,0.7196131845115,0.39157183328630146,0.5972384472856149,0.29206909446868917
256_128,0.0001,0.0001,0.3,0.3,0.47392721240979513,0.7360471741594312,0.6937175605812049,0.37429410637350935,0.6652049448508192,0.28546589823255103
256_128,0.0001,0.0001,0.4,0.3,0.46820758112657257,0.7171789422713293,0.690327900930825,0.3730811927549765,0.650320130580184,0.27892534186132617
256_128,0.0001,0.0001,0.5,0.3,0.44651249925720543,0.7017112269062329,0.664670723348474,0.34210569745713254,0.6526456235390692,0.24150408933926187
256_128,0.0001,0.0001,0.6,0.4,0.4581473582493382,0.7122238315237798,0.6761913762810512,0.3526468228317832,0.6650803318556903,0.25928206283606114
256_128,0.0001,0.0001,0.7,0.3,0.4405189022378259,0.6997923293629699,0.6392981146534595,0.3266590769529581,0.6849807256494989,0.22390658267639446
256_128,0.0001,1e-05,0.2,0.3,0.47295057111556843,0.7370834623286335,0.705476781346044,0.3925019295935589,0.6284855096888798,0.2929856597192239
256_128,0.0001,1e-05,0.3,0.3,0.4699058429558473,0.7277328652685908,0.7057460423008242,0.3768117874949827,0.6369558639752883,0.28605978587434067
256_128,0.0001,1e-05,0.4,0.3,0.4703774410388012,0.7251576361522949,0.7051193934028213,0.3771339701100567,0.6353876673434422,0.28620634738154527
256_128,0.0001,1e-05,0.5,0.3,0.4553695091363325,0.710573464179534,0.6699599642087023,0.3518190161792528,0.6646024022715102,0.25527804615211525
256_128,0.0001,1e-05,0.6,0.3,0.4564760940461762,0.7121054917281084,0.673790584878395,0.35092453918151173,0.6595022138236444,0.25621720012987453
256_128,0.0001,1e-05,0.7,0.3,0.4371041151760992,0.6641522712765526,0.5753376427152568,0.3064963610459331,0.7857381252458018,0.20081081250055827
256_128_64,0.001,0.01,0.2,0.3,0.4859398291844988,0.7414698944189733,0.7336205759869209,0.4108424786553667,0.6111930395934462,0.3182446864589405
256_128_64,0.001,0.01,0.3,0.3,0.4729137788584238,0.7357544510814573,0.7372590955696732,0.4077697526330417,0.5769114290196912,0.3061577978688037
256_128_64,0.001,0.01,0.4,0.3,0.48460745208373907,0.7387877943738762,0.7334713916982105,0.41353370772830134,0.6077158503500553,0.31757562517699506
256_128_64,0.001,0.01,0.5,0.3,0.48017169662359366,0.7360563744761661,0.7145906079904186,0.3907595532964617,0.6375236311963153,0.3025541294853833
256_128_64,0.001,0.01,0.6,0.4,0.4676803094386791,0.7252741932754614,0.6934708083826482,0.36990746423720167,0.6591040444757532,0.27928569631419825
256_128_64,0.001,0.01,0.7,0.3,0.46063377619329693,0.7239933364107997,0.7101944855981712,0.3788761941800273,0.6069147260023843,0.2794804899749897
256_128_64,0.001,0.001,0.2,0.3,0.4893276799956312,0.7464907804376566,0.7469802685571407,0.42515232580295265,0.5909436090105553,0.3291460525547717
256_128_64,0.001,0.001,0.3,0.3,0.47070081121608,0.7311381153746099,0.7202923530710531,0.3877989913506993,0.6092832359677269,0.29407050444695815
256_128_64,0.001,0.001,0.4,0.3,0.4756993848319874,0.7327488637916093,0.7385906443169202,0.41172767550873984,0.5804363593139351,0.31061894702414816
256_128_64,0.001,0.001,0.5,0.3,0.4798656904607907,0.726137312528727,0.7271249316628093,0.40710611895028637,0.6117703662726521,0.3099788796989416
256_128_64,0.001,0.001,0.6,0.3,0.4684397844395246,0.7309804577199565,0.717421021843872,0.3918521183242537,0.6066394622838179,0.2919949288013411
256_128_64,0.001,0.001,0.7,0.4,0.4635713792278809,0.7209325211722861,0.7026980919251269,0.3692017711670227,0.6316152656771222,0.27721943318292264
256_128_64,0.001,0.0001,0.2,0.3,0.45521579266766815,0.7306542540240768,0.7249668647289722,0.38471984858897096,0.562177226706443,0.2799659125251336
256_128_64,0.001,0.0001,0.3,0.3,0.4807106548691554,0.7331587977329417,0.7426152610959977,0.4211567195903686,0.577918288987471,0.3183025882875314
256_128_64,0.001,0.0001,0.4,0.3,0.478280114858369,0.7273841382928949,0.6995778026431856,0.3925449309701948,0.6517686353660667,0.29685549548169904
256_128_64,0.001,0.0001,0.5,0.3,0.4564827084359934,0.7215642846141327,0.7232674099832049,0.3894974642256121,0.561828427984454,0.281453557413039
256_128_64,0.001,0.0001,0.6,0.3,0.4690988068919534,0.7264622556172512,0.6996626096921508,0.3722535928750519,0.644088996583803,0.2821814020363658
256_128_64,0.001,0.0001,0.7,0.3,0.4534804990781602,0.7076319606781457,0.6582492273030668,0.34393124487850857,0.6827024040645836,0.2479238003635244
256_128_64,0.001,1e-05,0.2,0.3,0.47246041611961226,0.7285357261068903,0.7285683170235364,0.39953228327989987,0.5971004792461044,0.3014819019785987
256_128_64,0.001,1e-05,0.3,0.3,0.46346357193289356,0.7282508629740971,0.6987294289799216,0.38124184382201226,0.6226623539105404,0.27848321468021975
256_128_64,0.001,1e-05,0.4,0.3,0.46939646807797997,0.7275870603103332,0.7275972894290941,0.3958221334942482,0.586267000526806,0.2969568724656751
256_128_64,0.001,1e-05,0.5,0.3,0.471515299531326,0.7265625612691426,0.7208634669532307,0.39076320021093247,0.6105015262162656,0.29590020327313404
256_128_64,0.001,1e-05,0.6,0.3,0.46532777938164205,0.7227878423411893,0.7040840766013565,0.37569664539376757,0.6273316019702595,0.2810130663435359
256_128_64,0.001,1e-05,0.7,0.3,0.4498780682018399,0.7032959369282947,0.6422220868482239,0.32976252435431486,0.7137429771200561,0.2353976515913522
256_128_64,0.0001,0.01,0.2,0.3,0.4901775041758471,0.7530164461835956,0.7217990256484008,0.3990721734423518,0.6483054147874991,0.3161951024747963
256_128_64,0.0001,0.01,0.3,0.3,0.48456975576211503,0.73454067652198,0.7235465523496353,0.3968267529034931,0.6388825559388976,0.31109250009769934
256_128_64,0.0001,0.01,0.4,0.3,0.469483217901886,0.7313898928840658,0.7119205027361744,0.38344080627699817,0.6193964124629335,0.28881132405773896
256_128_64,0.0001,0.01,0.5,0.3,0.4721012911707689,0.7332404263726646,0.6927968836515191,0.37193775099992343,0.664807013719493,0.282896779504554
256_128_64,0.0001,0.01,0.6,0.3,0.45650482770254486,0.7088852951330432,0.6807416906915311,0.356304143765077,0.6460976461177607,0.2597044318893628
256_128_64,0.0001,0.01,0.7,0.3,0.44175649459167776,0.7010882390380928,0.621651010710395,0.3174642733782393,0.7316200192829556,0.2184233684467837
256_128_64,0.0001,0.001,0.2,0.3,0.4660821495823483,0.7357819037644185,0.7032220004945849,0.3759558120859868,0.625331533496682,0.28105349877686187
256_128_64,0.0001,0.001,0.3,0.4,0.47887001882846547,0.7361288961350589,0.7042640152622257,0.37584748633844045,0.6696944130870145,0.29421686782349254
256_128_64,0.0001,0.001,0.4,0.3,0.46809199957211556,0.7220166120575684,0.6863743416724356,0.37354822061903487,0.6561115853609631,0.27798297017480833
256_128_64,0.0001,0.001,0.5,0.3,0.4507528793043029,0.7121029730519267,0.6773592385373147,0.35010406324790855,0.6425705835907036,0.25134416614272004
256_128_64,0.0001,0.001,0.6,0.3,0.44850152183596076,0.6777364807657358,0.6278145138689564,0.3394957159790613,0.7044955066087105,0.2357476752584297
256_128_64,0.0001,0.001,0.7,0.3,0.43807518020932623,0.6621029881665125,0.5607250937161551,0.3058063298817809,0.8063946596982261,0.19794459544915916
256_128_64,0.0001,0.0001,0.2,0.3,0.47375872359693316,0.7312956911926339,0.7054275097508907,0.3836700314539164,0.6407822998420037,0.2916148344571569
256_128_64,0.0001,0.0001,0.3,0.3,0.4711714137367854,0.7256562261790251,0.7063258436718092,0.38033700614712296,0.6343708287864883,0.2882564923355093
256_128_64,0.0001,0.0001,0.4,0.3,0.46742645011568584,0.7252570609430267,0.7016999925109613,0.3715572006865703,0.6379308029879336,0.28082214866832456
256_128_64,0.0001,0.0001,0.5,0.3,0.45260233831374463,0.7084077025682466,0.6730784524072038,0.3501597999280946,0.6553837320120988,0.2520937097122945
256_128_64,0.0001,0.0001,0.6,0.3,0.4424134047399228,0.7001460582683493,0.6445469986076572,0.32732101118582946,0.6851761513187712,0.22734008943005818
256_128_64,0.0001,0.0001,0.7,0.4,0.4357155267885878,0.681205910497275,0.5938313275929968,0.30641322351052563,0.7601099158464325,0.20146345083531764
256_128_64,0.0001,1e-05,0.2,0.3,0.46405835224343084,0.7182277137498572,0.6976785459003579,0.376045992524917,0.6283527151984937,0.2775336916252528
256_128_64,0.0001,1e-05,0.3,0.3,0.46395575452285287,0.7267342131784388,0.6997519783195005,0.3749122356796397,0.6324084780616747,0.27775356162945614
256_128_64,0.0001,1e-05,0.4,0.3,0.46197717636226904,0.7113220178745412,0.6679529236618617,0.3553019202028017,0.6794677707116968,0.2620090365381714
256_128_64,0.0001,1e-05,0.5,0.3,0.4566358382477203,0.7183712255012191,0.6816700454004841,0.35655915395338467,0.6454572683980828,0.26022567858100254
256_128_64,0.0001,1e-05,0.6,0.3,0.4455453387776986,0.7009801122672299,0.6454316570318778,0.3313479296187916,0.6889663456406538,0.23228838156821247
256_128_64,0.0001,1e-05,0.7,0.6,0.43768053020509273,0.6971340727651597,0.6499734808902728,0.3296508885274986,0.6610055925547635,0.22464380310120485
512,0.001,0.01,0.2,0.4,0.4961968153488264,0.7534502055143413,0.7153115312049325,0.39723943467716955,0.682556278338144,0.3201545776512066
512,0.001,0.01,0.3,0.3,0.49513563883312034,0.7427007752797126,0.7012871965230028,0.38331700510049727,0.7142895329968617,0.3110408550370069
512,0.001,0.01,0.4,0.3,0.4876970201640158,0.7358256488932444,0.6860253748614471,0.37467162083017624,0.7236042454631756,0.2979229616072649
512,0.001,0.01,0.5,0.3,0.48612979773857584,0.7390274763619715,0.6991452662636843,0.37713755512652314,0.6954325853120207,0.29986528553883246
512,0.001,0.01,0.6,0.3,0.47290399127219873,0.7164621890770878,0.6758492937635416,0.3618833796646852,0.7030773997588174,0.27663697728493375
512,0.001,0.01,0.7,0.3,0.4768860183078945,0.7319234231111315,0.7050916047208242,0.378159580644707,0.6568596088365023,0.29293576205456007
512,0.001,0.001,0.2,0.3,0.4913205324973252,0.7499012269708176,0.7246149361073382,0.3989580649384469,0.6466109128007542,0.31760237806116953
512,0.001,0.001,0.3,0.3,0.48585378329806145,0.7432174842156744,0.7233001487732814,0.3983327255617425,0.6376322896172028,0.3120703294413694
512,0.001,0.001,0.4,0.3,0.4763889219507761,0.7261846040267752,0.6894587315418276,0.3759961198250326,0.6814178870815365,0.28736674292783515
512,0.001,0.001,0.5,0.3,0.48292799830794103,0.7394482602082624,0.711798985226957,0.3881747938496479,0.6549114192122253,0.303355664788375
512,0.001,0.001,0.6,0.3,0.4804028773922694,0.7305645160877657,0.7091717690151504,0.3860255708397515,0.6532801306674564,0.29932104697481937
512,0.001,0.001,0.7,0.3,0.4784235649025028,0.7361733513223179,0.7237992024368934,0.39620853554557267,0.6123805754178351,0.3042833300618093
512,0.001,0.0001,0.2,0.3,0.4806543907715007,0.7509121665090639,0.7478058199401141,0.422338562589502,0.5660742894924916,0.32013902251449194
512,0.001,0.0001,0.3,0.3,0.48512768300217407,0.7404014467614117,0.7378926384641177,0.418153521321746,0.592206360130327,0.31992383472794284
512,0.001,0.0001,0.4,0.3,0.471056474171683,0.7396151918184607,0.725539969626424,0.4028179044724509,0.5894546813789898,0.2990200341508094
512,0.001,0.0001,0.5,0.3,0.46393836547426676,0.7276718500886629,0.7129454635758086,0.3863420210644636,0.6089024595385533,0.28514492409460657
512,0.001,0.0001,0.6,0.3,0.459623680894086,0.7251262911629928,0.7039910966197827,0.3760634262418912,0.6162670367964425,0.2754755942728453
512,0.001,0.0001,0.7,0.3,0.4594269222168025,0.7204304276604903,0.7119320885328394,0.37650854529432676,0.6005748509732548,0.27782808691304595
512,0.001,1e-05,0.2,0.3,0.4642933553220999,0.7440019440640682,0.7426086503242751,0.42000765494417375,0.5358786853570365,0.3018974978582777
512,0.001,1e-05,0.3,0.3,0.4763305177267143,0.7368725756607097,0.7414051118239074,0.41613399027552056,0.5701052033601978,0.3124330890910824
512,0.001,1e-05,0.4,0.3,0.46602464977274655,0.7315820918640634,0.7297654602894507,0.4089546249045723,0.5662682266847983,0.2968954287323745
512,0.001,1e-05,0.5,0.3,0.46864455578583647,0.7214036225912984,0.7021013044130874,0.3743402117537709,0.6387946566600383,0.28270389301245735
512,0.001,1e-05,0.6,0.3,0.46091550467950954,0.7083132094816198,0.7041305630146026,0.37003916421820043,0.616114557470304,0.27472374539088884
512,0.001,1e-05,0.7,0.3,0.4534438194569086,0.7134401676576764,0.7081960109325446,0.3693472442331974,0.5937609253736078,0.26900526318632023
512,0.0001,0.01,0.2,0.3,0.48360032263073727,0.7377894597019575,0.7187669941005276,0.3931503513477813,0.6386466603577337,0.3070298284689198
512,0.0001,0.01,0.3,0.3,0.47940310243229833,0.7440140011136315,0.7309101369719185,0.4035146206322988,0.6006177164184827,0.30919572607303236
512,0.0001,0.01,0.4,0.3,0.4920028831096307,0.7441984454468624,0.7273723751611745,0.4029201300637556,0.6446280572823422,0.3205238744111917
512,0.0001,0.01,0.5,0.3,0.47235498572398066,0.7357806487347189,0.7158259288315494,0.38571445169524665,0.61761281335284,0.29339067107475436
512,0.0001,0.01,0.6,0.3,0.4713397792762228,0.732313474189567,0.7113934202131631,0.38165616787835077,0.6250787378397958,0.2900108534084449
512,0.0001,0.01,0.7,0.3,0.4666550498605222,0.7248656801765673,0.695342816480393,0.3676670204241227,0.6532561139616276,0.27734359944613246
512,0.0001,0.001,0.2,0.3,0.46112995447887073,0.7276272416810464,0.7162894417556028,0.38368710959922614,0.5946614714518464,0.28258499892025857
512,0.0001,0.001,0.3,0.3,0.4613805593749502,0.7255993811702242,0.6914892872056138,0.3667925819276389,0.63713844494192,0.27070447366721695
512,0.0001,0.001,0.4,0.3,0.45905800799305163,0.7245894360640159,0.7162818347907969,0.3836550300059923,0.581928937909377,0.2801975142716426
512,0.0001,0.001,0.5,0.3,0.4561102071590481,0.7232114666951449,0.7073656092257504,0.3749362279341943,0.5959707155238968,0.272413302614029
512,0.0001,0.001,0.6,0.3,0.45323894889465793,0.7147291098296064,0.6912508184270905,0.3590836087932493,0.6274275088467068,0.2610278326100236
512,0.0001,0.001,0.7,0.3,0.4454419092629072,0.7034758577769087,0.7022915021754844,0.3650096668952272,0.577234814812378,0.2579241458086425
512,0.0001,0.0001,0.2,0.3,0.45432405040194573,0.7258422805883097,0.722591464746205,0.38606622330476004,0.5617705472519458,0.2783854940312288
512,0.0001,0.0001,0.3,0.3,0.46344366170666246,0.7276158541966785,0.7154937666435417,0.3887211190348974,0.5973247154282817,0.285371782417163
512,0.0001,0.0001,0.4,0.3,0.44761425523363957,0.7250471268196572,0.7130763728981403,0.3747221571395836,0.5635782874985212,0.2657642979929646
512,0.0001,0.0001,0.5,0.3,0.45158359972436435,0.7200442727115008,0.7167142521730638,0.3802661875352874,0.5669522052003583,0.27226871798412844
512,0.0001,0.0001,0.6,0.3,0.44837217589899936,0.7150424461444336,0.7010875246724422,0.3657880973034683,0.5917258788960621,0.26093805862902963
512,0.0001,0.0001,0.7,0.3,0.44128529138592426,0.7118594716205534,0.7049029245168775,0.3642898700791723,0.5698141563751074,0.25510542359295757
512,0.0001,1e-05,0.2,0.3,0.46330172895931965,0.7281300569589462,0.714971826541253,0.38430202136632924,0.5946966246788044,0.28407434890127525
512,0.0001,1e-05,0.3,0.3,0.4596136597130456,0.7282798723944858,0.7172649907584032,0.3848883443052643,0.5839388731416937,0.2816725091790294
512,0.0001,1e-05,0.4,0.3,0.4508453389153743,0.7184289647766632,0.7045538846376964,0.3710580884257434,0.586301455456766,0.26547904067118716
512,0.0001,1e-05,0.5,0.3,0.45994644111625205,0.7205065898611696,0.7011552535814456,0.3689882734308824,0.6189014549022912,0.27272127457935524
512,0.0001,1e-05,0.6,0.3,0.4473674459523577,0.7072758309651378,0.691298366351061,0.3671431972850118,0.5966934450638984,0.2572799840354302
512,0.0001,1e-05,0.7,0.3,0.43958792997825996,0.7117851582811128,0.7117408873628968,0.3697556128581868,0.551937695210267,0.2571062435222135
1024,0.001,0.01,0.2,0.3,0.4949143429569123,0.7468785878204951,0.6993705662247371,0.38518243619111586,0.7206001932350231,0.311390825941111
1024,0.001,0.01,0.3,0.3,0.49015592831420135,0.7469693716578968,0.6796112801259302,0.3691442744441767,0.7407920589098966,0.29677446092341453
1024,0.001,0.01,0.4,0.3,0.47822608394292665,0.7341582185658824,0.7142554174050394,0.38757465397139984,0.6316870313584313,0.298735464584545
1024,0.001,0.01,0.5,0.3,0.49217413309028296,0.7454515716646469,0.7035845380654898,0.38380177705436663,0.6995868875657386,0.30914831568906864
1024,0.001,0.01,0.6,0.3,0.48092789076915815,0.7356675088652385,0.6932403393148772,0.37348247237805765,0.6905861737098058,0.292188413688461
1024,0.001,0.01,0.7,0.3,0.4756308600083459,0.7331503669288753,0.6910084136128312,0.36817203970207046,0.6834368827589806,0.2849910262636544
1024,0.001,0.001,0.2,0.3,0.4901646117552166,0.7467591663754878,0.7328937904260565,0.4115964068617677,0.6281982056323049,0.3224389255708648
1024,0.001,0.001,0.3,0.3,0.48808257213431744,0.7505690710135317,0.7246980045147504,0.4049650357497362,0.6373002241309349,0.31621026489717974
1024,0.001,0.001,0.4,0.3,0.4829966294434095,0.7300689054779145,0.7170767014394706,0.3986073078682965,0.6386683006987895,0.3073270758354088
1024,0.001,0.001,0.5,0.3,0.49398462194792947,0.7470596381163846,0.7091576648794033,0.3866229014530248,0.6961542304211445,0.31347223198165447
1024,0.001,0.001,0.6,0.4,0.48763997922353636,0.7410529177844722,0.7261422451961638,0.3981828266110227,0.634217045899511,0.31443960477296595
1024,0.001,0.001,0.7,0.3,0.4676948426500068,0.7189741120982752,0.7053145919954638,0.37446715011276505,0.6304209051861586,0.2829775760250251
1024,0.001,0.0001,0.2,0.3,0.46951976073940216,0.7433165111854863,0.6864371476563498,0.3651334971028263,0.6842956844391808,0.27725971203404165
1024,0.001,0.0001,0.3,0.3,0.4843985842560913,0.7343254253376414,0.7213786219791326,0.39429083389932745,0.6332812584122454,0.3088681110873862
1024,0.001,0.0001,0.4,0.3,0.47887014200588085,0.7289613965373719,0.7149543909733878,0.40191360668622556,0.6245477784475291,0.3038547923671843
1024,0.001,0.0001,0.5,0.3,0.48092241369926325,0.7366803959872221,0.7167946064431143,0.3917248484920892,0.6332174755141461,0.3033857948254817
1024,0.001,0.0001,0.6,0.3,0.46029142414685753,0.7247667887921809,0.7115379810503677,0.38152426540845225,0.5951701129518095,0.27944230785051255
1024,0.001,0.0001,0.7,0.3,0.45692398885773466,0.716861341749914,0.693087755061628,0.3654630547376767,0.6257701163095655,0.2664413727902331
1024,0.001,1e-05,0.2,0.3,0.4790973762688216,0.7358014487556622,0.7240441361582068,0.3972516178233313,0.6173331242939856,0.30549509374114664
1024,0.001,1e-05,0.3,0.3,0.48297206765571554,0.7393841595494937,0.7237879988178084,0.39806192852427336,0.6279220428043183,0.3091421337808168
1024,0.001,1e-05,0.4,0.3,0.4730414949255291,0.7194133775048529,0.6896957895598081,0.3696523762409628,0.6781145223470355,0.282522090459211
1024,0.001,1e-05,0.5,0.3,0.46838039888049804,0.7341906225755784,0.731913375471205,0.39976721010889793,0.5737151506000215,0.29811435368994166
1024,0.001,1e-05,0.6,0.3,0.4574882038460314,0.7164501962662654,0.7016778423625099,0.3685552137859779,0.6153198044090609,0.27061819710504315
1024,0.001,1e-05,0.7,0.3,0.4636496716858451,0.732961178803724,0.726317758354495,0.39474317500226225,0.570368151840548,0.29040662885422686
1024,0.0001,0.01,0.2,0.3,0.4867833406151629,0.7531824793236191,0.7300271817105635,0.4082772108768376,0.6193979811671051,0.31736179994348535
1024,0.0001,0.01,0.3,0.3,0.4780298638354247,0.736712164370257,0.7159129719667503,0.38953125447368475,0.6287303812898287,0.2997348285281298
1024,0.0001,0.01,0.4,0.3,0.4867430195400699,0.7491915891467563,0.730579943240199,0.4039175465913479,0.6205167039582984,0.3164080499849994
1024,0.0001,0.01,0.5,0.3,0.4805907341525126,0.736358800279353,0.7144690444580759,0.39365962514405684,0.6375573666176528,0.30336067485700924
1024,0.0001,0.01,0.6,0.3,0.4827319912304547,0.7364532979006913,0.6992222928939323,0.378027765493439,0.6877074701579227,0.2967991736062817
1024,0.0001,0.01,0.7,0.3,0.46103562360127637,0.7292577554402976,0.7186825228203465,0.38703488520784624,0.5832501722226631,0.283845851640849
1024,0.0001,0.001,0.2,0.3,0.47145977722009463,0.7374698728554898,0.7263609196084839,0.39478348670248886,0.5964468853979031,0.29820696859975915
1024,0.0001,0.001,0.3,0.3,0.453325044749593,0.719292448117934,0.6967651539929489,0.3664419413735674,0.6185862734577743,0.2649650945697083
1024,0.0001,0.001,0.4,0.3,0.45526042490668434,0.7235979255248319,0.7242270946992228,0.3969679797008498,0.5552240644705081,0.28252925989982536
1024,0.0001,0.001,0.5,0.3,0.45422313711834866,0.7277592135989192,0.7131765436908939,0.38266917463052114,0.5747634364086036,0.2746113679648115
1024,0.0001,0.001,0.6,0.3,0.4590450742328936,0.7245189516744562,0.7014238978192101,0.37346096147653074,0.6141823196453456,0.2732082337691668
1024,0.0001,0.001,0.7,0.3,0.44649667111849495,0.7146430360371859,0.6998237230453437,0.3643149615142301,0.587406141220439,0.258075122477341
1024,0.0001,0.0001,0.2,0.3,0.46514206611605113,0.7286481469551213,0.7259763928304281,0.3921969047532358,0.5778767872475795,0.2911425663845463
1024,0.0001,0.0001,0.3,0.3,0.4578829276793887,0.738672247670771,0.7264152661766025,0.39244732273511523,0.5630749425379528,0.28468122623155745
1024,0.0001,0.0001,0.4,0.3,0.44937491756540887,0.7214020839891802,0.7005690638855111,0.3740382300986738,0.5937837024947751,0.26373441596045516
1024,0.0001,0.0001,0.5,0.3,0.45168804007697966,0.7141521941869253,0.7013468611519172,0.37592266050991346,0.5919410831914758,0.26696301363281477
1024,0.0001,0.0001,0.6,0.3,0.4492124014106154,0.7210895109044391,0.710469811790329,0.3743376948966753,0.5739184506553137,0.2666766871141991
1024,0.0001,0.0001,0.7,0.3,0.4410232238431447,0.7047653291755499,0.7001409443322029,0.3626880637478254,0.5703981254350033,0.25237725923004994
1024,0.0001,1e-05,0.2,0.3,0.457970482456939,0.7244432807372603,0.7216792277455297,0.3846777366608576,0.5743090734971813,0.28139213260788615
1024,0.0001,1e-05,0.3,0.3,0.453991954069856,0.7206545561805185,0.7152892178535488,0.3814356411729639,0.5730536191253315,0.2743881856105071
1024,0.0001,1e-05,0.4,0.3,0.45650497383024974,0.7246550137405684,0.7187173204730634,0.38616263727007855,0.5755818330834236,0.27959279616092286
1024,0.0001,1e-05,0.5,0.3,0.4552570507088179,0.7187961837582206,0.6982027625641567,0.3665383114513556,0.6178935303074706,0.2669053794337296
1024,0.0001,1e-05,0.6,0.3,0.4537144632356848,0.724632221823861,0.717038608402744,0.38027073784720483,0.5761235657804609,0.2749291911266713
1024,0.0001,1e-05,0.7,0.3,0.4438466544015636,0.6990345423888821,0.6860087186790557,0.3565347925477479,0.6045037512217158,0.249358709419589
512_256,0.001,0.01,0.2,0.3,0.4842483969863493,0.7383826939013096,0.6936097748281245,0.38857897626245935,0.6959357047491629,0.29942178148362714
512_256,0.001,0.01,0.3,0.3,0.48568860090101557,0.7311420141495162,0.7114928830998226,0.3927562817784874,0.6497046566099776,0.3059614273152068
512_256,0.001,0.01,0.4,0.3,0.4736457382377834,0.7254780452552575,0.6985894784694361,0.374291214033047,0.6598840997833341,0.2869034718325829
512_256,0.001,0.01,0.5,0.3,0.4879209785643802,0.7537546307175732,0.7169592934692577,0.3957412349906876,0.6539572794877879,0.3116411736449201
512_256,0.001,0.01,0.6,0.3,0.4821167705164665,0.7394033647746369,0.7048551673975384,0.3940798626527088,0.6534463694316461,0.30260071135139965
512_256,0.001,0.01,0.7,0.3,0.4733779452687422,0.725807977187942,0.6969414557334763,0.3895614060117642,0.6424671823572142,0.29112970014751605
512_256,0.001,0.001,0.2,0.3,0.4880326940143792,0.7303709543183954,0.7040301893322576,0.38246835543626556,0.6833705254663398,0.30446758227420645
512_256,0.001,0.001,0.3,0.3,0.4891241095645384,0.7453108662700629,0.7431169089744746,0.42402445310952075,0.5941150230592468,0.3270866089649444
512_256,0.001,0.001,0.4,0.3,0.48131872861581104,0.7350813218973165,0.7223117194989541,0.40434219891508,0.6161758573517198,0.30865017315255755
512_256,0.001,0.001,0.5,0.3,0.4828665868859748,0.7471192612283175,0.7241369694425389,0.4037824684455577,0.6282853712604543,0.3111157492871741
512_256,0.001,0.001,0.6,0.3,0.4763484118645495,0.7352457276358114,0.7079127964235103,0.37745945256213076,0.6533969134391054,0.293370484778225
512_256,0.001,0.001,0.7,0.3,0.4678260813912366,0.7260846199768569,0.7040125929417732,0.3790928671679132,0.6297045056060192,0.2839541412527912
512_256,0.001,0.0001,0.2,0.3,0.4731228999340716,0.728046952922892,0.7273759338959798,0.3979928955302681,0.5921907257836837,0.3006517915315518
512_256,0.001,0.0001,0.3,0.3,0.4760818655237108,0.7548695584320791,0.7400167035723878,0.4094782030726492,0.5756501471170707,0.3107397840119774
512_256,0.001,0.0001,0.4,0.3,0.46688302065981224,0.7315837761372805,0.7071516132493051,0.3932096202407047,0.6083217776409916,0.28728628955797353
512_256,0.001,0.0001,0.5,0.3,0.47652589895228614,0.7285286291497298,0.7024944344301562,0.3882019881183697,0.6431428034416496,0.29441438929825875
512_256,0.001,0.0001,0.6,0.3,0.4662327492079624,0.7254728249615241,0.6992748737426016,0.3760973093913752,0.6312662294523166,0.2801154146353715
512_256,0.001,0.0001,0.7,0.3,0.4698911781979813,0.7245155363613853,0.7097148585097791,0.37758061644836655,0.628537641867965,0.2874938769352518
512_256,0.001,1e-05,0.2,0.3,0.4633059309070415,0.7220694065787724,0.7068190156354275,0.3809426082092644,0.6099885444122396,0.2801649140824864
512_256,0.001,1e-05,0.3,0.3,0.4845365756266825,0.7477212721208828,0.7231086206987646,0.40225774309664997,0.6241756989752583,0.31164589974210694
512_256,0.001,1e-05,0.4,0.3,0.47114884884428687,0.7346440599451685,0.71844521669226,0.3904087616105014,0.6054827955358328,0.29387912561729534
512_256,0.001,1e-05,0.5,0.3,0.47389870849709154,0.7292638793100904,0.7206229628581162,0.3915827990790667,0.6105493300314043,0.2977775053161291
512_256,0.001,1e-05,0.6,0.3,0.4625743771164531,0.7163778055060954,0.6622462739875662,0.3473001688329975,0.700773202076072,0.2582986535929055
512_256,0.001,1e-05,0.7,0.3,0.4554636473736098,0.7126841133321935,0.692018544812636,0.36237504281595506,0.6322869249717533,0.2645218128293937
512_256,0.0001,0.01,0.2,0.3,0.4900188735704967,0.7553971183827648,0.7223280916172125,0.39692643828059293,0.6478909359660809,0.3153100297382512
512_256,0.0001,0.01,0.3,0.3,0.49745301530741165,0.7535977344130839,0.7230189005257766,0.3991646851499803,0.6696746902284337,0.3236440249916435
512_256,0.0001,0.01,0.4,0.3,0.47802762465281445,0.7380555134857519,0.7050402228656698,0.3805033555848677,0.6567912206462506,0.29457856964096374
512_256,0.0001,0.01,0.5,0.3,0.47300067335710105,0.7250064785094419,0.6759513998548595,0.3652334923596732,0.694764864144418,0.2774616346921295
512_256,0.0001,0.01,0.6,0.3,0.4777976783722059,0.729866000101717,0.7007233781406513,0.3773718499204846,0.662514561735611,0.29235023842846014
512_256,0.0001,0.01,0.7,0.3,0.4634906370219055,0.719612719043126,0.6660778926075984,0.3495464399672395,0.695934011871141,0.26081170441005447
512_256,0.0001,0.001,0.2,0.3,0.48828025962371735,0.7496989829936919,0.7279753657663353,0.4041673752802678,0.629236081040827,0.3171337816550678
512_256,0.0001,0.001,0.3,0.3,0.4708500528065841,0.7296947748396383,0.6930733054969326,0.37696428367039225,0.6529504706645006,0.2830786079878246
512_256,0.0001,0.001,0.4,0.3,0.461510772248381,0.7240555139405994,0.6881715430668586,0.36676025293631387,0.6455724764030892,0.2698443827369442
512_256,0.0001,0.001,0.5,0.3,0.4762995332995369,0.7279134841961519,0.6999962929460327,0.37968072398059244,0.6557814592144865,0.2913023793859711
512_256,0.0001,0.001,0.6,0.3,0.4627534818957099,0.7241464372107642,0.6776352192157429,0.35616031197499926,0.6729831195948387,0.26531032829001144
512_256,0.0001,0.001,0.7,0.3,0.45172577680600395,0.7089249077581592,0.6512239052482366,0.33760429666870795,0.693991898111034,0.24184238275222647
512_256,0.0001,0.0001,0.2,0.3,0.4734968471100993,0.7334696743375143,0.6975462897217898,0.3859970851926829,0.647960243716588,0.2894406203738612
512_256,0.0001,0.0001,0.3,0.3,0.4808546879918736,0.7395474739845233,0.7137133663849872,0.39996095453901254,0.6300709710672363,0.3048893812765378
512_256,0.0001,0.0001,0.4,0.3,0.46476759760551145,0.722671804482147,0.6943897135554199,0.3675598415172645,0.6452490318979031,0.2750483750692442
512_256,0.0001,0.0001,0.5,0.3,0.46430589257163807,0.7201629994684794,0.6997544956156464,0.37628949588776955,0.6223501190506494,0.2783478825564503
512_256,0.0001,0.0001,0.6,0.3,0.4579606277285168,0.7172196472274599,0.6816553013098703,0.3564738565750438,0.6517965941043959,0.26158946617894063
512_256,0.0001,0.0001,0.7,0.3,0.45213446329792334,0.707004092461327,0.6449546186365425,0.3325411272388966,0.7094065839992852,0.23864327346109465
512_256,0.0001,1e-05,0.2,0.3,0.4748705322713914,0.7424680557886509,0.7144331450412991,0.3816162061511182,0.6330453325905225,0.29474410045439636
512_256,0.0001,1e-05,0.3,0.3,0.46887808466409747,0.7361471225281815,0.7131346143805596,0.38520049485798086,0.6167876859607799,0.28931976397796866
512_256,0.0001,1e-05,0.4,0.3,0.47270770118550043,0.728501756287146,0.7066105023611355,0.37990541725010185,0.6362506750119394,0.2895004089717121
512_256,0.0001,1e-05,0.5,0.3,0.4543901239880908,0.7158766365857635,0.6825653189782267,0.3568570148332337,0.6386368870564656,0.2582876004202907
512_256,0.0001,1e-05,0.6,0.4,0.45593717602984274,0.7065701228571066,0.6603446047145763,0.34374256184290963,0.6922274377435671,0.25033692873580904
512_256,0.0001,1e-05,0.7,0.3,0.4550754992950181,0.7090938002653232,0.6364000435716858,0.33351620311045754,0.7270150105077275,0.2399895584041877
1024_512,0.001,0.01,0.2,0.3,0.48028122337885604,0.7388044689338993,0.6853526280132226,0.3752601322786403,0.6988330908028326,0.2914848366114512
1024_512,0.001,0.01,0.3,0.3,0.4801063237145411,0.7453362235293002,0.7365466981297932,0.4080594663296987,0.594960363346636,0.31317128013576656
1024_512,0.001,0.01,0.4,0.3,0.47398839131088016,0.7457377011214883,0.7119232560796762,0.3894136253336694,0.6268337399335075,0.29482042077412274
1024_512,0.001,0.01,0.5,0.3,0.4880276809973024,0.7490702552767885,0.7379947896808691,0.4115980686891323,0.6129579727200747,0.32239880216475825
1024_512,0.001,0.01,0.6,0.3,0.4823204481232349,0.7400376157580444,0.6995742166452547,0.3823196711564316,0.6813622305499649,0.2980273690352616
1024_512,0.001,0.01,0.7,0.3,0.46942705874559715,0.7076775929279459,0.6481777865026135,0.34464453485378493,0.7514247463496726,0.2606821617348058
1024_512,0.001,0.001,0.2,0.3,0.4975341712967169,0.755848830371375,0.7453122683933652,0.4346649920968841,0.6109369170591116,0.3385888110875446
1024_512,0.001,0.001,0.3,0.3,0.4908112096513981,0.7474224260607627,0.7210875917220114,0.401246018120532,0.6470122783188522,0.31718205769602414
1024_512,0.001,0.001,0.4,0.3,0.4768629486543743,0.7331117251885473,0.6785257307796417,0.375192620093593,0.6965491550736166,0.284797075012664
1024_512,0.001,0.001,0.5,0.3,0.4828231483414778,0.7495136849578004,0.7244346450966119,0.39928663017001553,0.6250585982085953,0.3095585401625695
1024_512,0.001,0.001,0.6,0.3,0.48955941711507994,0.7355263861627753,0.7042693407985255,0.3855303997169314,0.6855735495603403,0.30739717866832955
1024_512,0.001,0.001,0.7,0.3,0.47610925646868185,0.7386958127149367,0.7195778927474319,0.3879287628407685,0.6293525743219104,0.29953945059172205
1024_512,0.001,0.0001,0.2,0.3,0.4755631470373839,0.727749441283667,0.6815726003496493,0.3745429107072379,0.6825717541260339,0.2831417600912015
1024_512,0.001,0.0001,0.3,0.3,0.46656357468120924,0.7186297380901437,0.701916360276759,0.3704967709843728,0.6351511136167961,0.27942676008803546
1024_512,0.001,0.0001,0.4,0.3,0.47503971245345217,0.736476905646153,0.7341491812610972,0.4047914599830073,0.5817818608609067,0.30627995477753595
1024_512,0.001,0.0001,0.5,0.3,0.4825029304034209,0.7441133366781074,0.720150348239534,0.3910598836834679,0.6446054215598356,0.3067034738531106
1024_512,0.001,0.0001,0.6,0.3,0.4768468309565931,0.730099890891017,0.7073871019114499,0.3897060476261259,0.6418822110984508,0.29632020748008003
1024_512,0.001,0.0001,0.7,0.3,0.46278926465623577,0.7182773441311308,0.6855385180062747,0.3708764591551565,0.6406714302243127,0.2720668197500033
1024_512,0.001,1e-05,0.2,0.3,0.484804864259614,0.7473674927758842,0.7434508747417643,0.42429001533621846,0.5877534069062664,0.323500504728609
1024_512,0.001,1e-05,0.3,0.3,0.4736506800113666,0.7421357205424263,0.7111219753148877,0.39275393591761304,0.6299586015087917,0.29540778647355886
1024_512,0.001,1e-05,0.4,0.4,0.46211473172070117,0.7216453918223837,0.6740733474862248,0.3646647146453629,0.6694115413980876,0.26687684934750994
1024_512,0.001,1e-05,0.5,0.3,0.47306954269544876,0.7329441171232646,0.6931425650507541,0.37953356228799284,0.6578184767692798,0.28688957894572586
1024_512,0.001,1e-05,0.6,0.3,0.46209034797730625,0.7239536873066761,0.6857735165735741,0.3614074760099034,0.6545069392671525,0.26858449343791535
1024_512,0.001,1e-05,0.7,0.3,0.4624409335761608,0.717239601345916,0.6945091808263548,0.3827939107416814,0.6169926295242091,0.27779757749305
1024_512,0.0001,0.01,0.2,0.3,0.48418148415694534,0.7518928207832674,0.7219331711623774,0.3987593840714361,0.630756384458492,0.30983365922702016
1024_512,0.0001,0.01,0.3,0.3,0.49702186844009966,0.7608957239314825,0.7380644294148386,0.41598177404781794,0.6273871427849069,0.3314110811438646
1024_512,0.0001,0.01,0.4,0.3,0.4864798004382246,0.7440620392441105,0.7139323758870008,0.392477271807533,0.6576044331980573,0.30864655745865793
1024_512,0.0001,0.01,0.5,0.3,0.4824094904350657,0.7349504465336751,0.706520279253598,0.3796599615517639,0.6683490354820264,0.29911525486221413
1024_512,0.0001,0.01,0.6,0.3,0.4795040499468645,0.7349818944125496,0.7084695065602743,0.384413135755981,0.6533594566349207,0.29802278053576575
1024_512,0.0001,0.01,0.7,0.4,0.47862572999299224,0.7274764394937444,0.6897321910006736,0.37097937657551494,0.6882611255696417,0.28840263581030445
1024_512,0.0001,0.001,0.2,0.3,0.47020007349529286,0.7377870360454944,0.7134271022247483,0.3900752808641651,0.6102487524613049,0.2915104245578826
1024_512,0.0001,0.001,0.3,0.3,0.46969184346613685,0.7318609040634831,0.7043654394858156,0.3782092310307643,0.6349364843887658,0.2855579530566206
1024_512,0.0001,0.001,0.4,0.3,0.4843651013679933,0.7421676867964738,0.7222028266347866,0.4007598947086196,0.630730470403749,0.31074013173897447
1024_512,0.0001,0.001,0.5,0.3,0.47293912722143877,0.7327410955682898,0.68999300402808,0.36692067945445545,0.6773275525705391,0.281607175563715
1024_512,0.0001,0.001,0.6,0.3,0.47330704023956943,0.7271714766358698,0.6981445911326214,0.37594849881228537,0.6533196824563176,0.28672917095737943
1024_512,0.0001,0.001,0.7,0.4,0.4566340310381922,0.7111223079847091,0.6868435475257838,0.35596826378635116,0.641657012578072,0.26175934579506055
1024_512,0.0001,0.0001,0.2,0.3,0.4787357799406455,0.7379143791851656,0.7116551168647984,0.3895095962570346,0.638357597197439,0.29861205677885316
1024_512,0.0001,0.0001,0.3,0.3,0.46267525240830726,0.717011051977208,0.6721324953454494,0.35471644128896707,0.6802639243139679,0.26333066435779023
1024_512,0.0001,0.0001,0.4,0.3,0.4662779893609096,0.7332736362081315,0.702476411497409,0.3751975897413914,0.6304594890332167,0.28093481280811317
1024_512,0.0001,0.0001,0.5,0.3,0.468533428105024,0.728312811165804,0.7021506280545988,0.37568777939884707,0.6357912473674163,0.28298584779128505
1024_512,0.0001,0.0001,0.6,0.3,0.4640007104727612,0.7156640257007941,0.6591627552254298,0.3479643071328696,0.7174760301984037,0.25929393394961553
1024_512,0.0001,0.0001,0.7,0.3,0.45089630016873716,0.7131412552028904,0.6505196113215417,0.33611455101446575,0.6943958463188229,0.2403160644804517
1024_512,0.0001,1e-05,0.2,0.3,0.4818715468971281,0.7482224879840117,0.727694296125516,0.3975320496122827,0.6206810350753986,0.3096247025230502
1024_512,0.0001,1e-05,0.3,0.3,0.46208181267722415,0.7324064242492037,0.698295117679752,0.37682052678550026,0.6290143692524971,0.27619398099213893
1024_512,0.0001,1e-05,0.4,0.3,0.47247887597939436,0.73776579879458,0.7149573697457416,0.39134109562617575,0.6150531188527231,0.29478911823815385
1024_512,0.0001,1e-05,0.5,0.3,0.4722958052584977,0.7280008065820246,0.7004388510562999,0.3744708504040285,0.6482871356512997,0.28584253505262425
1024_512,0.0001,1e-05,0.6,0.3,0.4598046766441741,0.7163174696327869,0.677382398839873,0.35575365793497893,0.6654835898357896,0.26221190196114924
1024_512,0.0001,1e-05,0.7,0.3,0.45623151643466525,0.7170812031602259,0.6534066364574265,0.33877393849652737,0.705995299744383,0.24699639542425036
